,AZT,DPT,AZN,DPN,AZP,DPP,Strike,Dip,Rake,Misfit,Depth,Mod
117,141,60,11,20,273,20,332,30,46,0.0028005302434167298,15,NewGudkova
36,3,0,94,73,273,16,50,78,-168,0.003195231573178297,15,NewGudkova
2,99,68,5,1,275,21,2,24,86,0.003429126979196998,15,NewGudkova
58,47,60,178,20,276,20,170,68,68,0.0038603277669539636,15,NewGudkova
39,20,37,166,47,276,17,52,50,164,0.004016604041523969,15,NewGudkova
27,32,51,174,31,276,19,46,38,148,0.004068185759905375,15,NewGudkova
66,90,68,184,1,275,20,184,66,88,0.004086025276456708,15,NewGudkova
70,105,68,6,3,274,20,188,66,94,0.004383691075031316,15,NewGudkova
105,4,2,103,72,273,16,318,80,-14,0.004464094106224754,15,NewGudkova
106,158,47,17,35,272,20,320,40,26,0.004596343078856165,15,NewGudkova
12,67,66,182,10,276,20,24,26,114,0.0046524598389788814,15,NewGudkova
62,74,68,183,7,276,20,180,66,82,0.005073084159710811,15,NewGudkova
42,7,11,130,69,274,16,52,70,-176,0.005201444928514557,15,NewGudkova
3,97,68,5,0,275,21,4,24,88,0.00608729045959922,15,NewGudkova
83,159,46,17,36,272,19,210,74,128,0.0063602459825667975,15,NewGudkova
24,40,57,177,25,276,19,42,34,140,0.007542245307977296,15,NewGudkova
26,36,54,175,28,276,19,44,36,144,0.007679250424711638,15,NewGudkova
30,30,49,172,34,276,19,48,40,152,0.0084710816492344,15,NewGudkova
116,146,57,13,23,273,21,328,32,40,0.008545602589392274,15,NewGudkova
9,88,68,184,2,275,21,10,24,96,0.00897945609179191,15,NewGudkova
96,166,38,22,45,272,19,316,48,16,0.009043127115302987,15,NewGudkova
8,90,68,184,1,274,21,8,24,94,0.009681013516179436,15,NewGudkova
65,84,68,183,3,275,20,182,66,86,0.00981528142767409,15,NewGudkova
107,7,8,122,71,274,16,320,84,-18,0.010065866762339656,15,NewGudkova
14,57,64,181,14,276,20,30,28,122,0.010230418512586907,15,NewGudkova
74,136,62,11,16,274,21,198,68,108,0.010695712094216483,15,NewGudkova
44,11,19,148,63,275,16,144,88,26,0.010718406716808574,15,NewGudkova
121,126,65,9,11,274,21,344,26,62,0.01072538425395325,15,NewGudkova
87,173,25,35,57,272,18,222,86,148,0.010942941419264584,15,NewGudkova
49,18,33,162,50,275,17,150,80,38,0.011061494268725325,15,NewGudkova
1,101,68,5,2,274,21,0,24,84,0.011146189408152566,15,NewGudkova
114,151,54,14,26,273,20,326,34,36,0.011234707798348184,15,NewGudkova
43,7,8,123,71,274,16,52,72,-174,0.011332488422938098,15,NewGudkova
118,135,62,10,16,273,21,336,28,52,0.011488063327365777,15,NewGudkova
11,68,67,182,9,275,20,22,26,112,0.0116145309753872,15,NewGudkova
61,69,67,182,9,275,20,178,66,80,0.011817148651663154,15,NewGudkova
32,180,8,65,71,273,16,48,84,-162,0.011928133348191384,15,NewGudkova
103,163,42,21,40,272,19,318,44,20,0.011952941097237288,15,NewGudkova
69,99,68,5,1,274,20,186,66,92,0.012020407843980533,15,NewGudkova
119,135,63,10,16,274,20,338,28,54,0.012428547031830016,15,NewGudkova
101,181,5,73,72,273,16,316,74,-8,0.012901736679793106,15,NewGudkova
111,9,13,137,67,275,16,322,88,-22,0.013022112646051654,15,NewGudkova
19,50,62,179,18,277,19,36,30,130,0.01335471121589223,15,NewGudkova
50,19,36,165,48,276,17,152,78,40,0.013424313472998021,15,NewGudkova
35,25,43,169,40,276,18,50,44,158,0.013728477270894936,15,NewGudkova
99,180,8,64,71,273,16,316,72,-6,0.013787432766009926,15,NewGudkova
126,109,68,6,4,275,21,356,24,78,0.013837405974133084,15,NewGudkova
5,96,68,5,0,276,21,6,24,90,0.013899126310618855,15,NewGudkova
68,95,69,185,0,276,20,186,66,90,0.013899126310618855,15,NewGudkova
29,178,15,50,65,273,18,46,88,-156,0.014053072247245064,15,NewGudkova
38,22,39,167,44,276,18,52,48,162,0.014056240278558662,15,NewGudkova
47,15,29,159,55,275,17,148,82,34,0.01420100221065519,15,NewGudkova
127,107,68,7,4,275,21,358,24,80,0.014237560832361064,15,NewGudkova
53,27,45,171,38,276,19,158,74,50,0.014421990716611056,15,NewGudkova
97,168,35,24,48,272,18,316,50,14,0.014488161351502899,15,NewGudkova
40,18,34,164,49,275,17,52,52,166,0.015013163848615552,15,NewGudkova
34,26,45,171,39,277,17,50,44,156,0.01525247744576939,15,NewGudkova
55,30,49,172,33,276,18,160,72,54,0.015304099041801553,15,NewGudkova
110,156,50,15,32,272,19,322,38,30,0.015485796370028919,15,NewGudkova
88,173,23,35,59,272,17,222,86,150,0.01564092259993129,15,NewGudkova
10,86,68,184,3,275,21,12,24,98,0.015740090405471488,15,NewGudkova
56,34,53,176,29,277,18,164,70,58,0.01592618522433529,15,NewGudkova
6,92,68,184,0,274,21,6,24,92,0.016196515356662864,15,NewGudkova
52,22,40,168,44,276,17,154,76,44,0.016316306965857594,15,NewGudkova
92,173,23,36,59,271,18,314,60,4,0.016332605075908165,15,NewGudkova
64,80,68,184,5,276,20,182,66,84,0.016576775012106578,15,NewGudkova
41,8,14,136,67,274,16,52,68,-178,0.01679359431019994,15,NewGudkova
22,44,59,178,22,277,19,40,32,136,0.01679520476941034,15,NewGudkova
71,111,68,7,5,275,20,190,66,96,0.016891594391558136,15,NewGudkova
102,160,44,19,38,272,20,318,42,22,0.016930211581491317,15,NewGudkova
75,138,61,10,18,273,20,198,68,110,0.01694195447897198,15,NewGudkova
73,131,63,9,14,273,21,196,68,106,0.01716202060078781,15,NewGudkova
93,174,20,39,61,272,18,314,62,2,0.0172246614757708,15,NewGudkova
80,153,52,15,30,272,20,206,72,122,0.017261537306799194,15,NewGudkova
124,122,66,7,10,273,20,346,26,66,0.017299969791387284,15,NewGudkova
45,12,20,147,61,274,17,144,88,28,0.017340092759254723,15,NewGudkova
28,178,13,50,67,272,16,46,88,-158,0.017473096848561097,15,NewGudkova
54,28,48,173,35,277,18,160,72,52,0.01825694353030462,15,NewGudkova
77,146,57,12,24,272,20,202,70,116,0.018265783969694305,15,NewGudkova
98,181,7,70,70,273,18,316,72,-8,0.01831189578367341,15,NewGudkova
86,171,27,31,55,271,18,220,84,146,0.018326954825540875,15,NewGudkova
120,127,64,9,12,274,21,342,26,60,0.018413499007620914,15,NewGudkova
20,48,61,178,19,275,20,36,30,132,0.01854047360557808,15,NewGudkova
91,172,25,32,57,271,18,314,58,6,0.01856178155308147,15,NewGudkova
78,150,55,13,26,273,20,204,70,118,0.018952487545309156,15,NewGudkova
122,123,66,7,11,273,20,344,26,64,0.01917477631138689,15,NewGudkova
16,57,64,181,15,277,20,32,28,124,0.019178369425068804,15,NewGudkova
112,154,52,16,29,273,20,324,36,32,0.01921054120736122,15,NewGudkova
76,144,58,13,22,274,21,202,70,114,0.01921759894692763,15,NewGudkova
85,162,42,19,40,271,19,212,76,132,0.01938015017259696,15,NewGudkova
82,158,48,18,34,273,20,210,74,126,0.019460147202376335,15,NewGudkova
51,20,37,165,46,275,18,152,78,42,0.019516240516791766,15,NewGudkova
128,103,68,5,3,274,21,358,24,82,0.019763653678436136,15,NewGudkova
89,175,20,40,61,273,17,224,88,152,0.01985136124672974,15,NewGudkova
72,115,68,6,7,273,20,190,66,98,0.01991671201186568,15,NewGudkova
0,105,68,7,3,276,21,0,24,82,0.020030621226215458,15,NewGudkova
125,110,67,6,5,274,21,354,24,76,0.020130490345128465,15,NewGudkova
113,153,53,14,29,272,19,324,36,34,0.020497833652036924,15,NewGudkova
21,44,60,178,21,276,19,38,32,134,0.020734383840049827,15,NewGudkova
46,14,23,152,59,275,17,146,86,30,0.020961138468259907,15,NewGudkova
95,166,36,25,46,272,20,316,48,14,0.021083601898186827,15,NewGudkova
104,184,0,93,73,274,16,318,78,-12,0.02115463521795996,15,NewGudkova
60,66,66,182,10,277,20,178,66,78,0.021280994246433177,15,NewGudkova
63,78,68,182,5,274,20,180,66,84,0.021313738190118378,15,NewGudkova
94,175,18,44,64,272,18,314,64,0,0.02160955322686437,15,NewGudkova
48,17,32,163,52,276,16,150,80,36,0.021714239633224056,15,NewGudkova
115,149,56,12,26,272,20,326,34,38,0.021765994614882725,15,NewGudkova
25,38,56,175,26,275,20,42,34,142,0.021769496274126377,15,NewGudkova
59,61,66,181,12,276,19,176,66,76,0.021799818122437205,15,NewGudkova
84,161,44,20,38,272,20,212,76,130,0.02190675791372024,15,NewGudkova
13,66,66,182,11,276,20,26,26,116,0.021957159581962187,15,NewGudkova
7,94,68,186,0,276,21,8,24,92,0.02196498774499687,15,NewGudkova
123,125,66,9,11,275,20,346,26,64,0.02215836222354727,15,NewGudkova
18,50,62,179,17,276,19,34,30,128,0.02223933197803777,15,NewGudkova
109,157,49,17,32,273,20,322,38,28,0.02236773138180511,15,NewGudkova
23,42,58,176,23,275,20,40,32,138,0.022410099462516753,15,NewGudkova
33,180,9,64,69,273,18,48,84,-160,0.022560177121941256,15,NewGudkova
31,181,5,73,72,272,16,48,82,-164,0.022712471115642265,15,NewGudkova
17,54,63,179,16,275,20,32,28,126,0.022856800684696303,15,NewGudkova
79,152,53,15,28,273,21,206,72,120,0.02297487361920448,15,NewGudkova
108,7,11,129,69,273,16,320,86,-20,0.023195684565046382,15,NewGudkova
90,171,28,29,55,271,18,314,56,8,0.023306441504742436,15,NewGudkova
15,55,64,179,15,275,20,30,28,124,0.023323584346174712,15,NewGudkova
100,181,4,78,71,273,18,316,74,-10,0.023711385389352482,15,NewGudkova
37,183,2,84,72,274,16,50,80,-166,0.023823550352706765,15,NewGudkova
67,93,69,184,0,274,20,184,66,90,0.02389137883085849,15,NewGudkova
81,156,50,16,32,273,19,208,72,124,0.023891750904393112,15,NewGudkova
69,105,68,6,3,274,20,188,66,94,0.0014651572259878028,35,NewGudkova
23,32,51,174,31,276,19,46,38,148,0.001764993741156536,35,NewGudkova
33,3,0,94,73,273,16,50,78,-168,0.0021045279619494187,35,NewGudkova
36,20,37,166,47,276,17,52,50,164,0.0024481848433267703,35,NewGudkova
104,158,47,17,35,272,20,320,40,26,0.0034431264095473924,35,NewGudkova
40,7,11,130,69,274,16,52,70,-176,0.0039152046677010735,35,NewGudkova
103,4,2,103,72,273,16,318,80,-14,0.004019690256290371,35,NewGudkova
62,74,68,183,7,276,20,180,66,82,0.005033376545772019,35,NewGudkova
22,36,54,175,28,276,19,44,36,144,0.00514821112694889,35,NewGudkova
116,141,60,11,20,273,20,332,30,46,0.0052954157360692285,35,NewGudkova
82,159,46,17,36,272,19,210,74,128,0.005734896484507554,35,NewGudkova
2,99,68,5,1,275,21,2,24,86,0.005970950987397307,35,NewGudkova
58,47,60,178,20,276,20,170,68,68,0.006436910495239854,35,NewGudkova
66,90,68,184,1,275,20,184,66,88,0.00686983722588022,35,NewGudkova
20,40,57,177,25,276,19,42,34,140,0.00709812932954771,35,NewGudkova
11,67,66,182,10,276,20,24,26,114,0.00741857690380272,35,NewGudkova
3,97,68,5,0,275,21,4,24,88,0.007665400445890117,35,NewGudkova
12,57,64,181,14,276,20,30,28,122,0.008163448424350957,35,NewGudkova
94,166,38,22,45,272,19,316,48,16,0.008688356780434388,35,NewGudkova
10,68,67,182,9,275,20,22,26,112,0.009167554762519039,35,NewGudkova
61,69,67,182,9,275,20,178,66,80,0.009489029670936833,35,NewGudkova
42,11,19,148,63,275,16,144,88,26,0.009989866788783842,35,NewGudkova
47,18,33,162,50,275,17,150,80,38,0.010171552453315691,35,NewGudkova
74,136,62,11,16,274,21,198,68,108,0.010337593444452032,35,NewGudkova
119,135,63,10,16,274,20,338,28,54,0.010590756257811394,35,NewGudkova
65,84,68,183,3,275,20,182,66,86,0.010705743521107059,35,NewGudkova
112,151,54,14,26,273,20,326,34,36,0.010739063606481159,35,NewGudkova
105,7,8,122,71,274,16,320,84,-18,0.010773813509338582,35,NewGudkova
26,30,49,172,34,276,19,48,40,152,0.010955617849809595,35,NewGudkova
29,180,8,65,71,273,16,48,84,-162,0.011000855736158405,35,NewGudkova
114,146,57,13,23,273,21,328,32,40,0.011197989816203154,35,NewGudkova
100,163,42,21,40,272,19,318,44,20,0.011335255690561777,35,NewGudkova
7,90,68,184,1,274,21,8,24,94,0.011545917727988393,35,NewGudkova
48,19,36,165,48,276,17,152,78,40,0.011705434457065941,35,NewGudkova
41,7,8,123,71,274,16,52,72,-174,0.011737122813350351,35,NewGudkova
8,88,68,184,2,275,21,10,24,96,0.011956316242078087,35,NewGudkova
122,126,65,9,11,274,21,344,26,62,0.011973401830138203,35,NewGudkova
98,181,5,73,72,273,16,316,74,-8,0.012210130862516393,35,NewGudkova
85,173,25,35,57,272,18,222,86,148,0.012242489643963395,35,NewGudkova
45,15,29,159,55,275,17,148,82,34,0.012292471734628533,35,NewGudkova
68,99,68,5,1,274,20,186,66,92,0.012358322901564956,35,NewGudkova
1,101,68,5,2,274,21,0,24,84,0.012589726506594285,35,NewGudkova
95,168,35,24,48,272,18,316,50,14,0.01261303583305252,35,NewGudkova
97,180,8,64,71,273,16,316,72,-6,0.012699066119637486,35,NewGudkova
37,18,34,164,49,275,17,52,52,166,0.013044655964309693,35,NewGudkova
108,156,50,15,32,272,19,322,38,30,0.013238197356531846,35,NewGudkova
109,9,13,137,67,275,16,322,88,-22,0.013705749532341714,35,NewGudkova
53,30,49,172,33,276,18,160,72,54,0.014023375831575735,35,NewGudkova
50,22,40,168,44,276,17,154,76,44,0.014087415318225268,35,NewGudkova
118,135,62,10,16,273,21,336,28,52,0.014274965977981419,35,NewGudkova
31,26,45,171,39,277,17,50,44,156,0.014485351623002305,35,NewGudkova
16,50,62,179,18,277,19,36,30,130,0.014515939373854732,35,NewGudkova
25,178,15,50,65,273,18,46,88,-156,0.014644613163398356,35,NewGudkova
86,173,23,35,59,272,17,222,86,150,0.014789448392615945,35,NewGudkova
67,95,69,185,0,276,20,186,66,90,0.014862017554168902,35,NewGudkova
4,96,68,5,0,276,21,6,24,90,0.014862017554183843,35,NewGudkova
54,34,53,176,29,277,18,164,70,58,0.014873130483302327,35,NewGudkova
32,25,43,169,40,276,18,50,44,158,0.014881124041336072,35,NewGudkova
125,122,66,7,10,273,20,346,26,66,0.015070924371282664,35,NewGudkova
70,111,68,7,5,275,20,190,66,96,0.0151434913171561,35,NewGudkova
39,8,14,136,67,274,16,52,68,-178,0.015771693844462968,35,NewGudkova
75,138,61,10,18,273,20,198,68,110,0.015828595166675802,35,NewGudkova
35,22,39,167,44,276,18,52,48,162,0.015830086121491796,35,NewGudkova
24,178,13,50,67,272,16,46,88,-158,0.01617942051268627,35,NewGudkova
129,107,68,7,4,275,21,358,24,80,0.016274936921239096,35,NewGudkova
78,150,55,13,26,273,20,204,70,118,0.01640516481980966,35,NewGudkova
128,109,68,6,4,275,21,356,24,78,0.01674949926605699,35,NewGudkova
52,28,48,173,35,277,18,160,72,52,0.016815212417046862,35,NewGudkova
90,173,23,36,59,271,18,314,60,4,0.016829969469161512,35,NewGudkova
51,27,45,171,38,276,19,158,74,50,0.01695008824737381,35,NewGudkova
5,92,68,184,0,274,21,6,24,92,0.016956256505959173,35,NewGudkova
64,80,68,184,5,276,20,182,66,84,0.017594136136083634,35,NewGudkova
71,115,68,6,7,273,20,190,66,98,0.017861112184592336,35,NewGudkova
91,174,20,39,61,272,18,314,62,2,0.01791419356190149,35,NewGudkova
18,44,60,178,21,276,19,38,32,134,0.018050779749435905,35,NewGudkova
43,12,20,147,61,274,17,144,88,28,0.01832659448347548,35,NewGudkova
111,153,53,14,29,272,19,324,36,34,0.018386569686257955,35,NewGudkova
110,154,52,16,29,273,20,324,36,32,0.018441729069481983,35,NewGudkova
9,86,68,184,3,275,21,12,24,98,0.018473453875640734,35,NewGudkova
19,44,59,178,22,277,19,40,32,136,0.01870092699642683,35,NewGudkova
89,172,25,32,57,271,18,314,58,6,0.018948082885950387,35,NewGudkova
87,175,20,40,61,273,17,224,88,152,0.018975559470752246,35,NewGudkova
79,153,52,15,30,272,20,206,72,122,0.019128585643697724,35,NewGudkova
99,160,44,19,38,272,20,318,42,22,0.019183452655357022,35,NewGudkova
49,20,37,165,46,275,18,152,78,42,0.019185350125946105,35,NewGudkova
59,61,66,181,12,276,19,176,66,76,0.01921772387731288,35,NewGudkova
84,171,27,31,55,271,18,220,84,146,0.019308112634362613,35,NewGudkova
123,123,66,7,11,273,20,344,26,64,0.019313252234642343,35,NewGudkova
15,50,62,179,17,276,19,34,30,128,0.01949677603598878,35,NewGudkova
96,181,7,70,70,273,18,316,72,-8,0.019517842978809104,35,NewGudkova
77,146,57,12,24,272,20,202,70,116,0.01991550737239199,35,NewGudkova
73,131,63,9,14,273,21,196,68,106,0.01996174843714094,35,NewGudkova
17,48,61,178,19,275,20,36,30,132,0.02013773416660614,35,NewGudkova
113,149,56,12,26,272,20,326,34,38,0.02038321839257531,35,NewGudkova
60,66,66,182,10,277,20,178,66,78,0.020414168711463523,35,NewGudkova
81,158,48,18,34,273,20,210,74,126,0.020417101590455806,35,NewGudkova
46,17,32,163,52,276,16,150,80,36,0.020540357768729818,35,NewGudkova
83,162,42,19,40,271,19,212,76,132,0.020735327349830395,35,NewGudkova
124,125,66,9,11,275,20,346,26,64,0.021030503053205855,35,NewGudkova
130,103,68,5,3,274,21,358,24,82,0.021058384779591235,35,NewGudkova
0,105,68,7,3,276,21,0,24,82,0.021088879051772192,35,NewGudkova
63,78,68,182,5,274,20,180,66,84,0.021106409290521048,35,NewGudkova
102,184,0,93,73,274,16,318,78,-12,0.021306027074222328,35,NewGudkova
121,127,64,9,12,274,21,342,26,60,0.021310931879976656,35,NewGudkova
14,57,64,181,15,277,20,32,28,124,0.021329483690615148,35,NewGudkova
80,156,50,16,32,273,19,208,72,124,0.021586950454721348,35,NewGudkova
76,144,58,13,22,274,21,202,70,114,0.02163490279710161,35,NewGudkova
57,43,59,177,22,275,19,168,68,66,0.02215015748324739,35,NewGudkova
107,157,49,17,32,273,20,322,38,28,0.02222315107074625,35,NewGudkova
92,175,18,44,64,272,18,314,64,0,0.022422544905856122,35,NewGudkova
28,181,5,73,72,272,16,48,82,-164,0.02252818279568461,35,NewGudkova
21,38,56,175,26,275,20,42,34,142,0.022530926040321617,35,NewGudkova
93,166,36,25,46,272,20,316,48,14,0.02256182828265168,35,NewGudkova
106,7,11,129,69,273,16,320,86,-20,0.022590846852338014,35,NewGudkova
101,162,43,18,40,271,18,318,44,22,0.022606283262573492,35,NewGudkova
27,27,47,171,36,275,18,48,42,154,0.02266547510409537,35,NewGudkova
56,41,58,178,23,277,18,168,68,64,0.022666498469790183,35,NewGudkova
72,120,67,7,9,274,20,192,66,100,0.022692878721348026,35,NewGudkova
44,14,23,152,59,275,17,146,86,30,0.022713793344045035,35,NewGudkova
6,94,68,186,0,276,21,8,24,92,0.022899029793194806,35,NewGudkova
115,147,58,13,23,274,20,330,32,42,0.02294218052016111,35,NewGudkova
127,110,67,6,5,274,21,354,24,76,0.023012941178976624,35,NewGudkova
13,55,64,179,15,275,20,30,28,124,0.023015143035995885,35,NewGudkova
38,16,32,161,52,275,17,52,54,168,0.023114176514026617,35,NewGudkova
30,180,9,64,69,273,18,48,84,-160,0.023527981487129222,35,NewGudkova
126,121,67,7,9,274,20,348,26,68,0.02353713886620519,35,NewGudkova
117,141,61,11,19,274,20,334,30,48,0.02372364230146644,35,NewGudkova
88,171,28,29,55,271,18,314,56,8,0.023738147412529043,35,NewGudkova
34,183,2,84,72,274,16,50,80,-166,0.023842207455354498,35,NewGudkova
120,132,64,8,15,272,20,338,28,56,0.023961383439646815,35,NewGudkova
30,14,37,173,50,276,10,48,56,158,0.0009212970678862347,55,NewGudkova
98,175,32,18,55,272,11,220,76,148,0.0025078650280854343,55,NewGudkova
87,155,63,9,22,273,13,202,62,116,0.005015491605916747,55,NewGudkova
7,81,76,184,3,275,13,10,32,96,0.005091453627591736,55,NewGudkova
133,120,75,6,6,274,13,356,32,78,0.005848045491822957,55,NewGudkova
124,160,59,10,27,273,13,332,40,44,0.00596495787760328,55,NewGudkova
6,85,76,184,2,275,13,8,32,94,0.006202722331501176,55,NewGudkova
12,51,72,183,12,276,12,22,34,112,0.006360532000759688,55,NewGudkova
128,151,66,8,19,273,13,340,36,56,0.006881878185676513,55,NewGudkova
24,20,52,178,35,276,11,42,46,144,0.007956990974175798,55,NewGudkova
26,19,48,177,39,276,11,44,48,148,0.008101626294209978,55,NewGudkova
79,87,76,185,1,275,12,184,58,88,0.008485702058394507,55,NewGudkova
2,104,76,5,2,274,13,2,32,86,0.008815109865111206,55,NewGudkova
34,182,7,57,77,273,9,48,88,-168,0.008859608187814623,55,NewGudkova
134,117,75,6,5,275,13,358,32,80,0.00909409077211885,55,NewGudkova
121,169,47,13,40,272,12,324,48,30,0.009309729150407215,55,NewGudkova
130,143,70,8,14,274,13,346,34,64,0.009511940968796189,55,NewGudkova
88,161,58,10,28,273,13,206,64,122,0.009626993376822147,55,NewGudkova
116,172,39,15,48,272,11,320,54,22,0.009671507987792927,55,NewGudkova
65,20,50,178,37,276,11,158,66,48,0.00977367029767969,55,NewGudkova
83,141,70,7,13,274,13,196,60,106,0.009981042015232547,55,NewGudkova
112,183,1,85,80,273,9,318,82,-6,0.0102045649915431,55,NewGudkova
21,26,58,180,28,276,11,38,42,136,0.010354122616299278,55,NewGudkova
97,173,36,17,51,272,11,218,74,144,0.010856518126544461,55,NewGudkova
73,37,67,181,18,275,12,170,60,68,0.010951295871259079,55,NewGudkova
108,176,28,20,58,272,10,318,62,14,0.011338622321329823,55,NewGudkova
23,23,55,179,32,276,11,40,44,140,0.011866890301498607,55,NewGudkova
3,100,76,5,1,275,13,4,32,88,0.011970732275650727,55,NewGudkova
92,167,48,13,38,272,12,212,68,132,0.012459803132835894,55,NewGudkova
103,180,15,33,71,272,9,226,86,162,0.012618605037362174,55,NewGudkova
1,108,76,5,3,274,13,0,32,84,0.012720695525423723,55,NewGudkova
52,5,7,130,77,274,9,50,78,-178,0.01299270719834214,55,NewGudkova
126,157,62,9,23,273,12,336,38,50,0.013010104218590375,55,NewGudkova
15,40,68,182,17,276,12,28,36,120,0.013022820106946898,55,NewGudkova
101,178,22,26,64,272,10,224,82,156,0.013033121967383913,55,NewGudkova
78,79,76,184,3,274,12,182,58,86,0.013232469991623901,55,NewGudkova
69,26,59,180,27,276,11,164,62,58,0.013278314618082978,55,NewGudkova
119,170,43,14,43,272,12,322,50,26,0.013335328417024924,55,NewGudkova
76,66,75,184,6,275,12,180,58,82,0.013414976116483568,55,NewGudkova
37,10,27,169,60,276,8,50,64,166,0.013643789622338885,55,NewGudkova
19,29,61,181,25,277,11,36,40,132,0.013776225652799927,55,NewGudkova
60,10,28,167,59,275,10,146,78,28,0.013794014126548987,55,NewGudkova
17,34,65,182,21,276,11,32,38,126,0.014346486317010555,55,NewGudkova
111,182,4,69,79,273,9,318,80,-4,0.014408715803486554,55,NewGudkova
81,102,76,4,1,274,12,186,58,92,0.014441374076244769,55,NewGudkova
56,7,15,154,71,275,9,142,86,18,0.014562698553748381,55,NewGudkova
59,10,26,169,61,276,8,146,78,26,0.014684864710216195,55,NewGudkova
49,5,9,139,76,274,9,50,76,-180,0.01477527329395138,55,NewGudkova
27,16,44,176,44,276,10,46,52,152,0.014777970909589558,55,NewGudkova
51,5,8,139,78,274,8,50,78,-180,0.014875730636873188,55,NewGudkova
39,9,24,167,63,275,8,50,66,168,0.015018434689917197,55,NewGudkova
38,10,26,165,61,275,10,50,64,168,0.015292121571196523,55,NewGudkova
5,89,76,184,1,274,13,6,32,92,0.015314388360346822,55,NewGudkova
90,166,52,12,34,273,12,210,66,128,0.015432114471414415,55,NewGudkova
67,21,54,178,33,276,11,160,64,52,0.015521432843938277,55,NewGudkova
8,77,76,185,4,276,13,12,32,98,0.01559577509604038,55,NewGudkova
74,41,68,182,17,276,12,172,60,70,0.01572485574283043,55,NewGudkova
129,143,69,7,15,273,13,344,34,62,0.015884992028153914,55,NewGudkova
82,110,76,5,3,275,12,188,58,94,0.015904423938012842,55,NewGudkova
106,175,31,18,56,271,10,318,60,16,0.015910276001171588,55,NewGudkova
58,9,21,163,66,275,9,144,82,22,0.015922298417409837,55,NewGudkova
117,174,36,16,51,272,11,320,56,20,0.01593109063477536,55,NewGudkova
91,166,51,11,35,272,11,210,66,130,0.015981619165151714,55,NewGudkova
40,9,23,163,64,274,10,50,66,170,0.016015349947549874,55,NewGudkova
86,148,68,7,17,273,12,198,60,110,0.01642381731432194,55,NewGudkova
16,38,67,181,18,275,12,28,36,122,0.016458941608964845,55,NewGudkova
93,168,47,12,40,271,11,212,68,134,0.016661321532889854,55,NewGudkova
18,32,64,180,22,275,12,32,38,128,0.01687459567523673,55,NewGudkova
50,6,11,148,75,274,8,50,76,178,0.016883036515069363,55,NewGudkova
132,123,74,5,7,274,13,354,32,76,0.01713835573001297,55,NewGudkova
94,169,44,14,42,272,12,214,70,136,0.01726093435193388,55,NewGudkova
72,35,65,182,20,277,11,170,60,66,0.01726580621049181,55,NewGudkova
96,171,40,15,46,272,12,216,72,140,0.017368323914558625,55,NewGudkova
9,72,75,183,5,274,13,12,32,100,0.017582572194228874,55,NewGudkova
11,52,73,183,11,275,12,20,34,110,0.017593757705410214,55,NewGudkova
54,5,4,118,79,274,9,50,80,-176,0.017631135244062526,55,NewGudkova
48,6,12,147,73,274,9,50,74,178,0.018088907468938927,55,NewGudkova
53,5,5,128,79,274,8,50,80,-178,0.018116228877280878,55,NewGudkova
104,180,12,39,73,272,9,226,88,164,0.01826413493614131,55,NewGudkova
77,73,76,185,5,276,12,182,58,84,0.01831241410498624,55,NewGudkova
28,16,42,174,45,275,11,46,52,154,0.018321775675655103,55,NewGudkova
10,69,75,183,6,275,13,14,32,102,0.018438315536498846,55,NewGudkova
41,8,22,165,65,275,8,50,68,170,0.018462766860766474,55,NewGudkova
20,28,60,179,26,275,12,36,40,134,0.01846625653977461,55,NewGudkova
80,95,77,185,0,276,12,186,58,90,0.018616588886739314,55,NewGudkova
42,8,20,160,66,274,9,50,68,172,0.01861984262635503,55,NewGudkova
109,177,26,22,61,272,10,318,64,12,0.018811266956132604,55,NewGudkova
113,183,2,74,81,273,8,318,82,-4,0.018896969308373156,55,NewGudkova
35,11,30,171,58,276,9,50,62,164,0.01904009374201874,55,NewGudkova
63,14,40,175,47,276,9,152,70,38,0.019195448997050335,55,NewGudkova
0,114,76,6,4,275,13,0,32,82,0.019256212870224304,55,NewGudkova
105,175,30,21,57,272,11,318,60,14,0.01937198763972978,55,NewGudkova
123,164,56,11,30,273,12,330,42,40,0.0196425491271311,55,NewGudkova
47,6,14,154,73,274,8,50,74,176,0.01976526630603326,55,NewGudkova
125,156,61,9,24,273,13,334,38,48,0.019872196353359455,55,NewGudkova
102,178,21,24,66,272,9,224,82,158,0.019891587449353723,55,NewGudkova
107,176,27,23,59,272,11,318,62,12,0.020068526435359533,55,NewGudkova
46,7,15,152,71,274,9,50,72,176,0.020164572976935996,55,NewGudkova
84,144,69,6,15,273,13,196,60,108,0.020268900117088078,55,NewGudkova
89,162,56,9,30,272,12,206,64,124,0.020297326916182214,55,NewGudkova
44,7,18,157,69,274,9,50,70,174,0.020310757826516153,55,NewGudkova
36,11,28,167,58,275,10,50,62,166,0.02032879273354237,55,NewGudkova
31,12,35,172,52,275,9,48,58,160,0.020503917679599325,55,NewGudkova
135,112,76,4,4,273,13,358,32,82,0.020611113911374008,55,NewGudkova
122,167,50,11,36,272,11,326,46,34,0.020692691856787085,55,NewGudkova
33,182,5,59,79,273,8,48,88,-170,0.020755016540482434,55,NewGudkova
43,7,19,162,68,274,8,50,70,172,0.020845471742469708,55,NewGudkova
127,151,65,8,20,273,13,338,36,54,0.020855723015553863,55,NewGudkova
62,13,37,173,50,275,10,150,72,36,0.02085651694489217,55,NewGudkova
114,3,1,101,80,273,9,318,84,-8,0.021236136256857364,55,NewGudkova
131,140,71,6,13,273,13,346,34,66,0.021266299892523967,55,NewGudkova
45,7,16,158,71,274,8,50,72,174,0.021295893057249347,55,NewGudkova
115,183,0,93,81,273,8,318,84,-6,0.021663513856242593,55,NewGudkova
70,29,60,181,26,277,12,166,62,60,0.021670039212079426,55,NewGudkova
120,169,45,12,42,271,11,322,50,28,0.021872799810986582,55,NewGudkova
61,12,30,170,57,276,9,148,76,30,0.021937261405995005,55,NewGudkova
22,24,57,178,29,275,12,38,42,138,0.022016832146264324,55,NewGudkova
71,30,62,180,24,275,12,166,62,62,0.022078661079927373,55,NewGudkova
25,20,50,179,38,277,10,44,48,146,0.02211643702147935,55,NewGudkova
100,176,25,22,62,271,10,222,80,154,0.022278863622062186,55,NewGudkova
75,59,74,183,8,275,12,178,58,80,0.022340133809335878,55,NewGudkova
99,177,28,20,59,272,10,222,78,152,0.02255958693645806,55,NewGudkova
57,9,23,165,64,274,9,144,80,24,0.022559651758057082,55,NewGudkova
55,7,18,158,69,274,9,142,84,20,0.022605601936114834,55,NewGudkova
64,16,44,176,43,276,10,154,68,42,0.02265636282877348,55,NewGudkova
95,170,43,13,44,271,11,214,70,138,0.022991999865601978,55,NewGudkova
85,146,69,8,15,275,13,198,60,108,0.023067068931093133,55,NewGudkova
13,47,71,181,13,274,13,22,34,114,0.023151961454496852,55,NewGudkova
68,24,55,179,31,277,11,162,64,54,0.023521065772379925,55,NewGudkova
29,16,40,175,47,276,10,48,54,156,0.02383929120765167,55,NewGudkova
66,21,51,176,35,275,11,158,66,50,0.02386009203767356,55,NewGudkova
14,49,71,183,13,276,13,24,34,114,0.02398127523880805,55,NewGudkova
19,80,50,180,7,276,38,50,10,140,0.00044299386645940187,15,TAYAK
75,72,49,177,11,276,37,176,84,78,0.0012271395939321688,15,TAYAK
96,137,42,23,23,273,38,300,24,6,0.0013135777145951628,15,TAYAK
137,181,2,87,55,273,34,312,64,-24,0.0013529308027935994,15,TAYAK
87,110,50,11,7,274,38,192,84,98,0.00228848616033319,15,TAYAK
89,128,46,18,17,273,38,200,86,108,0.0027702748226015317,15,TAYAK
66,36,33,155,35,277,35,68,36,-178,0.003016719161002007,15,TAYAK
28,6,2,100,55,274,34,56,64,-156,0.0031722111489779947,15,TAYAK
144,111,50,11,8,275,38,318,10,36,0.004241901730496975,15,TAYAK
12,86,51,182,4,275,38,38,8,126,0.004358516821795409,15,TAYAK
72,56,44,169,21,277,37,168,86,68,0.0047075025172656415,15,TAYAK
23,179,5,82,54,273,35,52,70,-150,0.005080547434423504,15,TAYAK
27,76,50,178,10,276,37,56,12,148,0.0057780150938952345,15,TAYAK
43,67,48,174,15,276,37,64,16,160,0.005888629503297458,15,TAYAK
65,38,35,158,33,277,35,68,34,-180,0.006113888403171934,15,TAYAK
136,116,49,13,10,274,38,312,12,28,0.006852060815532009,15,TAYAK
97,140,41,25,25,273,37,300,26,4,0.007441779305580079,15,TAYAK
114,159,27,42,41,272,36,302,42,-8,0.007603688411589927,15,TAYAK
121,166,21,51,46,272,35,304,48,-12,0.007951022416313451,15,TAYAK
152,106,50,9,5,275,38,330,8,50,0.008112907530051776,15,TAYAK
53,27,26,144,43,276,35,66,44,-172,0.008250294802577468,15,TAYAK
95,133,43,21,21,273,38,300,22,8,0.00849215866980795,15,TAYAK
158,29,28,148,41,277,34,332,86,-48,0.008636253770292934,15,TAYAK
29,75,49,178,10,276,38,58,12,150,0.008904830761424556,15,TAYAK
33,71,49,176,12,276,37,60,14,154,0.009067020259905816,15,TAYAK
38,71,49,176,12,276,38,62,14,156,0.009368271700701345,15,TAYAK
52,29,28,147,41,276,35,66,42,-174,0.009428931992214168,15,TAYAK
14,86,51,182,4,276,38,40,8,128,0.009680982991892049,15,TAYAK
93,140,41,25,25,272,37,206,88,116,0.00985721008105167,15,TAYAK
49,63,47,172,17,276,37,66,18,164,0.009919642777428897,15,TAYAK
106,152,32,34,35,271,36,300,36,-4,0.010484036212614428,15,TAYAK
11,156,30,39,37,272,37,36,86,-128,0.010540360133983365,15,TAYAK
155,105,51,9,4,275,38,332,8,52,0.010579550575489706,15,TAYAK
129,120,48,15,12,274,38,308,14,22,0.010689672217229308,15,TAYAK
18,81,51,180,7,276,37,48,10,138,0.011079355082268372,15,TAYAK
76,76,50,179,9,276,38,178,84,80,0.011261039466244363,15,TAYAK
147,111,50,11,7,275,38,320,10,38,0.011533173439843319,15,TAYAK
142,8,5,105,54,274,35,316,70,-30,0.011623114324543812,15,TAYAK
98,143,39,27,27,273,37,300,28,2,0.011676026637142812,15,TAYAK
86,106,50,9,5,274,38,190,84,96,0.011838146838419859,15,TAYAK
64,41,37,160,31,277,35,68,32,178,0.011962011393694877,15,TAYAK
104,150,34,32,33,272,36,300,34,-2,0.012236257234738807,15,TAYAK
45,22,22,139,47,276,34,64,48,-170,0.012427268212585649,15,TAYAK
69,44,39,163,29,277,35,162,88,60,0.012473643532204374,15,TAYAK
58,53,44,168,23,277,36,68,24,170,0.012647226107456326,15,TAYAK
141,111,49,11,8,274,38,316,10,34,0.012785568760452982,15,TAYAK
20,177,7,76,53,272,35,50,72,-148,0.012815594003198122,15,TAYAK
116,124,47,17,15,274,38,304,16,16,0.01283381754570556,15,TAYAK
115,161,25,45,43,271,36,302,44,-10,0.012874137910932273,15,TAYAK
111,130,45,19,19,273,37,302,20,12,0.013082947979864314,15,TAYAK
123,120,48,15,13,274,38,306,14,20,0.013648155806241933,15,TAYAK
99,146,37,30,29,273,37,300,30,0,0.01404492719012236,15,TAYAK
56,57,45,170,21,278,36,68,22,168,0.014096425576070017,15,TAYAK
67,34,31,152,37,277,35,68,38,-176,0.0141693088881329,15,TAYAK
60,50,42,166,25,277,36,68,26,172,0.014537837584857667,15,TAYAK
13,159,26,43,41,271,36,38,84,-132,0.014847359034376761,15,TAYAK
42,16,14,125,51,275,34,62,54,-164,0.014878621502473403,15,TAYAK
30,10,8,111,54,274,34,58,60,-160,0.014878876481246672,15,TAYAK
131,174,12,68,52,273,35,308,56,-18,0.015020875797995397,15,TAYAK
63,44,39,162,29,277,35,68,30,176,0.01517899928891179,15,TAYAK
40,18,17,129,49,275,34,62,52,-166,0.015485254296715899,15,TAYAK
101,149,35,32,31,273,37,300,32,-2,0.015527916562507472,15,TAYAK
74,68,49,175,13,276,37,174,84,76,0.015773882229575195,15,TAYAK
62,47,41,164,27,277,36,68,28,174,0.015882692089345677,15,TAYAK
36,13,10,118,53,275,34,60,58,-162,0.015910194342546414,15,TAYAK
109,126,46,17,17,272,38,302,18,14,0.015958348153671954,15,TAYAK
88,115,50,12,9,275,38,194,84,100,0.016075592976430575,15,TAYAK
10,157,29,39,39,271,36,36,86,-130,0.01610925891694264,15,TAYAK
159,105,51,9,4,276,38,334,8,54,0.016145553874189564,15,TAYAK
57,55,44,168,21,276,37,68,22,170,0.01631162893253205,15,TAYAK
145,10,7,111,53,275,35,318,72,-32,0.016432316388506712,15,TAYAK
51,59,46,170,19,276,37,66,20,166,0.016602523836301845,15,TAYAK
154,27,25,144,43,277,35,330,84,-46,0.016689715984514446,15,TAYAK
126,170,16,60,49,273,36,306,52,-16,0.016802433865501808,15,TAYAK
15,85,50,182,5,276,38,42,8,130,0.016943938012062357,15,TAYAK
70,46,40,163,27,276,36,162,88,62,0.017496877633307564,15,TAYAK
102,147,36,30,31,272,36,300,32,0,0.017540641813924163,15,TAYAK
143,7,4,103,56,274,33,316,70,-28,0.017583581007219254,15,TAYAK
108,128,45,19,17,274,38,302,18,12,0.017755173416822725,15,TAYAK
103,151,33,34,33,273,37,300,34,-4,0.01791247869793932,15,TAYAK
132,175,9,72,52,272,35,308,58,-20,0.01795494205268896,15,TAYAK
150,106,50,9,5,275,39,326,8,46,0.01813942111987847,15,TAYAK
107,155,30,37,37,271,37,300,38,-6,0.018214658135652703,15,TAYAK
47,21,19,135,48,276,34,64,50,-168,0.018529770319867384,15,TAYAK
135,177,8,76,54,273,34,310,60,-20,0.018804224271261716,15,TAYAK
134,178,7,78,53,273,35,310,60,-22,0.018932088070613466,15,TAYAK
39,67,48,174,14,276,37,62,16,158,0.01894289098018065,15,TAYAK
59,52,43,166,23,276,37,68,24,172,0.018967442256450716,15,TAYAK
46,21,21,136,46,275,35,64,48,-168,0.019049177186617538,15,TAYAK
128,171,14,62,51,272,34,306,54,-16,0.019096840808077283,15,TAYAK
117,122,47,15,15,272,38,304,16,18,0.019243749898448466,15,TAYAK
157,30,29,148,39,276,36,332,86,-50,0.019288187498875037,15,TAYAK
160,103,51,7,4,274,38,334,8,56,0.01965246818644277,15,TAYAK
5,87,51,182,3,275,37,32,8,120,0.01973852686566226,15,TAYAK
55,59,45,170,19,276,37,68,20,168,0.01980210954038916,15,TAYAK
138,116,49,13,10,275,38,314,12,30,0.019852399890035653,15,TAYAK
26,182,2,89,54,274,34,54,68,-152,0.01989313618917155,15,TAYAK
25,76,50,178,9,276,37,54,12,146,0.020188442285182677,15,TAYAK
94,130,44,19,19,272,38,300,20,10,0.020268656188302203,15,TAYAK
6,150,34,33,33,272,37,32,88,-124,0.020307451471609277,15,TAYAK
85,104,50,9,3,276,38,190,84,94,0.020749381413612572,15,TAYAK
83,100,50,7,1,276,38,188,84,92,0.020909788419419463,15,TAYAK
127,169,17,58,49,272,34,306,52,-14,0.020970529812767955,15,TAYAK
71,52,43,167,23,276,36,166,86,66,0.021120091636730794,15,TAYAK
78,81,50,180,7,277,38,180,84,82,0.021138108272379583,15,TAYAK
48,65,47,174,17,278,37,66,18,162,0.021369139990591448,15,TAYAK
119,126,47,17,17,273,37,304,18,16,0.021411259881506245,15,TAYAK
122,167,18,55,48,271,35,304,50,-14,0.021647344556709466,15,TAYAK
113,158,29,39,39,272,36,302,40,-6,0.021694325549071056,15,TAYAK
54,61,46,172,19,278,37,68,20,166,0.02177821483668124,15,TAYAK
31,9,5,107,54,275,34,58,62,-158,0.021814371331771967,15,TAYAK
140,5,2,98,54,273,34,314,68,-28,0.021925750632464203,15,TAYAK
84,102,50,7,3,274,38,188,84,94,0.021976581041949363,15,TAYAK
2,96,50,5,0,275,39,4,6,88,0.022007177750717182,15,TAYAK
100,145,38,27,29,272,36,300,30,2,0.02208356402635016,15,TAYAK
161,33,32,152,37,276,35,334,88,-52,0.022133914151084195,15,TAYAK
120,167,20,54,46,273,36,304,48,-14,0.022160279872747123,15,TAYAK
110,132,44,21,19,274,38,302,20,10,0.022259503656732217,15,TAYAK
3,96,50,6,0,276,39,6,6,90,0.022395027928066216,15,TAYAK
82,95,50,186,0,276,38,186,84,90,0.022395027928066216,15,TAYAK
50,61,46,172,19,278,36,66,20,164,0.02240798724055989,15,TAYAK
130,118,49,13,12,273,38,308,14,24,0.022425397825210358,15,TAYAK
8,153,33,35,35,272,36,34,88,-126,0.02245205455533803,15,TAYAK
22,180,4,84,56,273,33,52,70,-152,0.022728062699018173,15,TAYAK
24,80,50,180,8,276,38,54,10,144,0.022788910836807983,15,TAYAK
79,83,50,180,5,275,38,180,84,84,0.0228178267113327,15,TAYAK
34,14,13,122,52,275,33,60,56,-164,0.022921195993697754,15,TAYAK
139,184,0,94,55,274,34,314,66,-26,0.022937463968914076,15,TAYAK
153,103,51,7,4,273,38,330,8,52,0.022969959329998294,15,TAYAK
146,9,6,109,55,275,33,318,72,-30,0.023032221123249177,15,TAYAK
61,48,41,164,25,276,37,68,26,174,0.023072195622350126,15,TAYAK
118,128,46,19,17,274,38,304,18,14,0.023151430672464782,15,TAYAK
149,19,18,132,48,275,34,324,80,-40,0.02318918077938248,15,TAYAK
105,154,31,37,35,273,37,300,36,-6,0.023198652439830443,15,TAYAK
35,13,12,119,52,274,35,60,56,-162,0.02324746548931966,15,TAYAK
80,87,50,182,3,275,38,182,84,86,0.023330012074895427,15,TAYAK
112,134,44,21,21,273,37,302,22,10,0.023330372862249486,15,TAYAK
68,47,40,164,27,278,36,70,28,176,0.02333340354323801,15,TAYAK
4,95,50,186,0,276,39,8,6,92,0.023349136465870616,15,TAYAK
81,91,50,184,1,275,38,184,84,88,0.023368794355837646,15,TAYAK
125,122,48,15,15,273,37,306,16,20,0.023427801358512156,15,TAYAK
92,138,42,25,23,274,38,206,88,114,0.02343712200841593,15,TAYAK
77,79,50,178,7,275,38,178,84,82,0.02346080281522151,15,TAYAK
90,132,45,20,19,274,37,202,86,110,0.023669760310907315,15,TAYAK
41,17,16,129,51,276,33,62,54,-166,0.023772120469770626,15,TAYAK
32,75,49,178,10,277,38,60,12,152,0.023837953914022516,15,TAYAK
17,171,16,60,50,273,34,46,78,-142,0.023894560379081824,15,TAYAK
73,66,48,175,15,278,37,174,84,74,0.023956881860225706,15,TAYAK
91,136,42,23,23,272,38,204,88,114,0.02398432221778998,15,TAYAK
37,12,9,115,52,275,35,60,58,-160,0.02400020205203063,15,TAYAK
90,140,41,25,25,272,37,206,88,116,0.002132633151764923,35,TAYAK
109,159,27,42,41,272,36,302,42,-8,0.0025200239982753956,35,TAYAK
68,41,37,160,31,277,35,68,32,178,0.0027359128297622867,35,TAYAK
21,81,51,180,7,276,37,48,10,138,0.003434031695155395,35,TAYAK
116,166,21,51,46,272,35,304,48,-12,0.0035665504554840176,35,TAYAK
60,29,28,147,41,276,35,66,42,-174,0.0036966622809590783,35,TAYAK
67,44,39,162,29,277,35,68,30,176,0.004219642282498319,35,TAYAK
51,22,22,139,47,276,34,64,48,-170,0.004460767234565967,35,TAYAK
66,47,41,164,27,277,36,68,28,174,0.004584055164516239,35,TAYAK
65,50,42,166,25,277,36,68,26,172,0.005023022462031825,35,TAYAK
132,181,2,87,55,273,34,312,64,-24,0.005242239484477474,35,TAYAK
69,38,35,158,33,277,35,68,34,-180,0.005536759843326675,35,TAYAK
37,71,49,176,12,276,37,60,14,154,0.005986401109919694,35,TAYAK
84,115,50,12,9,275,38,194,84,100,0.006816860962006235,35,TAYAK
31,76,50,178,10,276,37,56,12,148,0.007138828249328683,35,TAYAK
105,130,45,19,19,273,37,302,20,12,0.0071990951065632434,35,TAYAK
79,68,49,175,13,276,37,174,84,76,0.007959667362257747,35,TAYAK
93,140,41,25,25,273,37,300,26,4,0.00797352458570825,35,TAYAK
142,111,50,11,7,275,38,320,10,38,0.008120128531666755,35,TAYAK
28,76,50,178,9,276,37,54,12,146,0.0084871588229308,35,TAYAK
33,6,2,100,55,274,34,56,64,-156,0.008950589921860047,35,TAYAK
63,53,44,168,23,277,36,68,24,170,0.009331448566868423,35,TAYAK
8,86,51,182,4,275,38,34,8,122,0.009626426676169406,35,TAYAK
71,44,39,163,29,277,35,162,88,60,0.009651687775284112,35,TAYAK
42,67,48,174,14,276,37,62,16,158,0.009922415476802279,35,TAYAK
92,137,42,23,23,273,38,300,24,6,0.01008714922220265,35,TAYAK
101,150,34,32,33,272,36,300,34,-2,0.010361173099136095,35,TAYAK
74,52,43,167,23,276,36,166,86,66,0.01068948047526075,35,TAYAK
83,110,50,11,7,274,38,192,84,98,0.01073224022136121,35,TAYAK
156,29,28,148,41,277,34,332,86,-48,0.01076415111733739,35,TAYAK
95,143,39,27,27,273,37,300,28,2,0.010952880916608534,35,TAYAK
133,116,49,13,10,275,38,314,12,30,0.011061152542039798,35,TAYAK
27,179,5,82,54,273,35,52,70,-150,0.011119318984383949,35,TAYAK
131,116,49,13,10,274,38,312,12,28,0.01121600016016292,35,TAYAK
138,7,4,103,56,274,33,316,70,-28,0.011515199794597298,35,TAYAK
100,147,36,30,31,272,36,300,32,0,0.011581450617395144,35,TAYAK
106,134,44,21,21,273,37,302,22,10,0.011710876463499349,35,TAYAK
122,120,48,15,12,274,38,308,14,22,0.011988848618727531,35,TAYAK
80,72,49,177,11,276,37,176,84,78,0.012064472528773507,35,TAYAK
114,126,47,17,17,273,37,304,18,16,0.01207156280449247,35,TAYAK
6,87,51,182,3,275,37,32,8,120,0.0124603228815296,35,TAYAK
36,10,8,111,54,274,34,58,60,-160,0.012525023664417843,35,TAYAK
22,80,50,180,7,276,38,50,10,140,0.012545537970086406,35,TAYAK
108,158,29,39,39,272,36,302,40,-6,0.01256524809078593,35,TAYAK
49,63,47,172,17,276,37,64,18,162,0.013249267542113754,35,TAYAK
70,36,33,155,35,277,35,68,36,-178,0.013257643517273293,35,TAYAK
130,177,8,76,54,273,34,310,60,-20,0.013334218621952176,35,TAYAK
120,169,17,58,49,272,34,306,52,-14,0.013446944535383625,35,TAYAK
11,157,29,39,39,271,36,36,86,-130,0.013464581906572438,35,TAYAK
9,153,33,35,35,272,36,34,88,-126,0.013588800830512036,35,TAYAK
157,105,51,9,4,276,38,334,8,54,0.013717470566294666,35,TAYAK
164,102,51,7,3,274,37,338,8,60,0.013774042924289081,35,TAYAK
162,103,51,7,4,274,38,336,8,58,0.014057942114739761,35,TAYAK
124,174,12,68,52,273,35,308,56,-18,0.014069009208124232,35,TAYAK
88,132,45,20,19,274,37,202,86,110,0.014109356604218849,35,TAYAK
154,105,51,9,4,275,38,332,8,52,0.01415406319139045,35,TAYAK
44,18,17,129,49,275,34,62,52,-166,0.014662099799215738,35,TAYAK
56,59,46,170,19,276,37,66,20,166,0.014667034566694256,35,TAYAK
87,128,46,18,17,273,38,200,86,108,0.01466987260157589,35,TAYAK
97,146,37,30,29,273,37,300,30,0,0.014776726524376905,35,TAYAK
139,111,50,11,8,275,38,318,10,36,0.014830551189745411,35,TAYAK
35,71,50,176,12,276,37,58,14,152,0.015092540312692216,35,TAYAK
55,61,46,172,19,278,36,66,20,164,0.015146151435556367,35,TAYAK
117,124,47,17,15,274,38,306,16,18,0.015292001220345162,35,TAYAK
98,145,38,27,29,272,36,300,30,2,0.015292629403128036,35,TAYAK
102,152,32,34,35,271,36,300,36,-4,0.015555186070662152,35,TAYAK
118,122,48,15,15,273,37,306,16,20,0.015643715749803708,35,TAYAK
59,31,30,150,39,276,34,66,40,-176,0.015816998618153843,35,TAYAK
39,13,10,118,53,275,34,60,58,-162,0.016075457838500836,35,TAYAK
12,156,30,39,37,272,37,36,86,-128,0.016402795302245428,35,TAYAK
61,27,26,144,43,276,35,66,44,-172,0.016458545077720963,35,TAYAK
75,56,44,169,21,277,37,168,86,68,0.01648365870375336,35,TAYAK
26,180,4,84,56,273,33,52,70,-152,0.0165628279663079,35,TAYAK
23,177,7,76,53,272,35,50,72,-148,0.01671737709279642,35,TAYAK
47,67,48,174,15,276,37,64,16,160,0.016808975928822963,35,TAYAK
38,14,13,122,52,275,33,60,56,-164,0.016830725302395204,35,TAYAK
127,120,49,15,12,275,38,310,14,24,0.017064849558884067,35,TAYAK
159,33,32,152,37,276,35,334,88,-52,0.01722682878920021,35,TAYAK
160,31,31,152,39,277,34,334,88,-50,0.01728519025374995,35,TAYAK
137,8,5,105,54,274,35,316,70,-30,0.017605534115562885,35,TAYAK
62,57,45,170,21,278,36,68,22,168,0.0176166769945142,35,TAYAK
153,106,50,9,5,275,38,330,8,50,0.01797600403557116,35,TAYAK
3,89,52,184,3,276,37,30,8,116,0.018111883707264954,35,TAYAK
91,133,43,21,21,273,38,300,22,8,0.018313863368987666,35,TAYAK
20,171,16,60,50,273,34,46,78,-142,0.018411396466878543,35,TAYAK
115,164,23,48,45,272,35,304,46,-10,0.018460857819623762,35,TAYAK
5,89,51,184,3,277,37,32,8,118,0.018505952551336843,35,TAYAK
147,15,15,126,52,275,33,322,78,-36,0.018605200723103617,35,TAYAK
99,149,35,32,31,273,37,300,32,-2,0.01885340901359561,35,TAYAK
78,66,48,175,15,278,37,174,84,74,0.01888480898493405,35,TAYAK
96,142,40,25,27,271,36,300,28,4,0.019150841234770666,35,TAYAK
166,102,52,7,3,275,37,342,8,64,0.019327768814690418,35,TAYAK
72,46,40,163,27,276,36,162,88,62,0.01935237627865501,35,TAYAK
1,90,52,184,3,276,37,28,8,114,0.01938617922340117,35,TAYAK
18,168,18,55,48,272,34,44,80,-140,0.019409370246060022,35,TAYAK
113,128,46,19,17,274,38,304,18,14,0.01953436489802999,35,TAYAK
151,21,21,137,47,275,34,326,82,-42,0.019605166321715214,35,TAYAK
121,171,14,62,51,272,34,306,54,-16,0.019614053339024735,35,TAYAK
110,161,25,45,43,271,36,302,44,-10,0.019729835410718655,35,TAYAK
57,57,46,171,21,277,36,66,22,166,0.01989476805687596,35,TAYAK
119,170,16,60,49,273,36,306,52,-16,0.020235997234541905,35,TAYAK
85,117,49,12,11,273,37,194,84,102,0.02028692336588838,35,TAYAK
17,81,51,180,6,275,37,44,10,134,0.020385340490757214,35,TAYAK
123,118,49,13,12,273,38,308,14,24,0.02041092438406217,35,TAYAK
48,64,48,174,16,278,36,64,18,160,0.020519768925083066,35,TAYAK
150,18,17,131,50,275,33,324,80,-38,0.020530197640346283,35,TAYAK
149,19,18,132,48,275,34,324,80,-40,0.020820251959295613,35,TAYAK
141,9,6,109,55,275,33,318,72,-30,0.020836776437310505,35,TAYAK
135,4,1,96,56,273,33,314,68,-26,0.02099229351362768,35,TAYAK
45,17,16,129,51,276,33,62,54,-166,0.021199120976621307,35,TAYAK
146,108,51,9,7,273,37,322,10,42,0.02127631981328896,35,TAYAK
34,75,49,178,10,276,38,58,12,150,0.021383016579024593,35,TAYAK
128,118,49,13,12,273,37,310,14,26,0.021472448195098127,35,TAYAK
134,113,50,11,10,273,37,314,12,32,0.02149706486379522,35,TAYAK
89,133,44,20,21,272,37,202,86,112,0.021567222645422594,35,TAYAK
29,183,1,91,56,274,33,54,68,-154,0.021616518968813926,35,TAYAK
46,16,14,125,51,275,34,62,54,-164,0.02178694529475728,35,TAYAK
0,90,52,184,2,276,37,26,8,112,0.021813846020319463,35,TAYAK
43,18,18,132,50,276,33,62,52,-168,0.021883739884213962,35,TAYAK
40,71,49,176,12,276,38,62,14,156,0.02190047713078762,35,TAYAK
16,165,22,50,45,273,35,42,82,-136,0.021966304026971258,35,TAYAK
14,159,26,43,41,271,36,38,84,-132,0.021968979700033267,35,TAYAK
148,110,51,11,7,275,37,324,10,42,0.022095647542385844,35,TAYAK
30,182,2,89,54,274,34,54,68,-152,0.022265338986656766,35,TAYAK
25,76,51,178,9,276,37,52,12,144,0.0222784295453795,35,TAYAK
76,62,47,173,17,277,36,172,84,72,0.022297454547353244,35,TAYAK
58,55,45,168,21,276,36,66,22,168,0.022418594642583837,35,TAYAK
15,86,51,182,4,276,38,40,8,128,0.02243860363771081,35,TAYAK
103,126,46,17,17,272,38,302,18,14,0.02244119346310137,35,TAYAK
52,21,19,135,48,276,34,64,50,-168,0.022487990743193725,35,TAYAK
82,106,50,9,5,274,38,190,84,96,0.02256585960191491,35,TAYAK
144,13,12,120,53,274,33,320,76,-34,0.02258615426710275,35,TAYAK
50,24,24,142,45,276,34,64,46,-172,0.02260245913506396,35,TAYAK
2,87,52,182,3,274,37,28,8,116,0.02265036685646422,35,TAYAK
143,109,50,9,7,273,38,320,10,40,0.022699574924958946,35,TAYAK
77,64,48,173,15,276,37,172,84,74,0.022718968553071036,35,TAYAK
107,137,43,23,23,273,37,302,24,8,0.022740378956939127,35,TAYAK
140,10,7,111,53,275,35,318,72,-32,0.022797105095957483,35,TAYAK
125,175,9,72,52,272,35,308,58,-20,0.02291009991553352,35,TAYAK
64,52,43,166,23,276,37,68,24,172,0.02300423465169485,35,TAYAK
41,69,49,176,14,278,36,62,16,156,0.023017236775202798,35,TAYAK
86,119,49,14,11,275,37,196,84,102,0.023048379224348055,35,TAYAK
136,115,50,13,10,275,37,316,12,32,0.02317078661153492,35,TAYAK
81,76,50,179,9,276,38,178,84,80,0.023174009377994256,35,TAYAK
94,139,41,23,25,271,37,300,26,6,0.023291183279421823,35,TAYAK
73,50,43,167,25,278,35,166,86,64,0.023327171410246005,35,TAYAK
167,101,52,7,3,275,37,344,8,66,0.023342960644052547,35,TAYAK
104,132,44,21,19,274,38,302,20,10,0.023502247917630902,35,TAYAK
112,122,47,15,15,272,38,304,16,18,0.023756617848720924,35,TAYAK
129,178,7,78,53,273,35,310,60,-22,0.023868081882905713,35,TAYAK
53,65,47,174,17,278,37,66,18,162,0.023991940268583672,35,TAYAK
107,134,44,21,21,273,37,302,22,10,0.0006778159827619289,55,TAYAK
111,158,29,39,39,272,36,302,40,-6,0.004217303016928059,55,TAYAK
60,22,22,139,47,276,34,64,48,-170,0.005366712418927027,55,TAYAK
121,169,17,58,49,272,34,306,52,-14,0.005975787207911309,55,TAYAK
143,7,4,103,56,274,33,316,70,-28,0.006339225611461241,55,TAYAK
72,47,41,164,27,277,36,68,28,174,0.006940303603068071,55,TAYAK
73,44,39,162,29,277,35,68,30,176,0.007238344151312553,55,TAYAK
169,102,51,7,3,274,37,340,8,62,0.007437342159191802,55,TAYAK
170,102,52,7,3,275,37,342,8,64,0.00743877936803683,55,TAYAK
35,76,50,178,9,276,37,54,12,146,0.007486681976950667,55,TAYAK
25,81,51,180,7,276,37,46,10,136,0.007534259191911388,55,TAYAK
82,52,43,167,23,276,36,166,86,66,0.007646067629358348,55,TAYAK
14,153,33,35,35,272,36,34,88,-126,0.007677152091134076,55,TAYAK
42,71,50,176,12,276,37,58,14,152,0.008064822215787137,55,TAYAK
131,177,8,76,54,273,34,310,60,-20,0.009469310956968796,55,TAYAK
117,166,21,51,46,272,35,304,48,-12,0.009590128356165982,55,TAYAK
63,57,46,171,21,277,36,66,22,166,0.009969395275570135,55,TAYAK
67,31,30,150,39,276,34,66,40,-176,0.010090140051429835,55,TAYAK
75,41,37,160,31,277,35,68,32,178,0.010348762384755688,55,TAYAK
71,50,42,166,25,277,36,68,26,172,0.010384710103018955,55,TAYAK
163,31,31,152,39,277,34,334,88,-50,0.010435442010403617,55,TAYAK
92,132,45,20,19,274,37,202,86,110,0.010673434145548949,55,TAYAK
171,101,52,7,3,275,37,344,8,66,0.010683114410558235,55,TAYAK
69,29,28,147,41,276,35,66,42,-174,0.010689125820774758,55,TAYAK
33,180,4,84,56,273,33,52,70,-152,0.01071982776249419,55,TAYAK
112,159,27,42,41,272,36,302,42,-8,0.010726279227952227,55,TAYAK
22,81,51,180,6,275,37,44,10,134,0.010859220841838435,55,TAYAK
114,126,47,17,17,273,37,304,18,16,0.011061965647515652,55,TAYAK
4,90,52,184,2,276,37,26,8,112,0.01123557443777409,55,TAYAK
116,164,23,48,45,272,35,304,46,-10,0.011481052114562625,55,TAYAK
135,181,2,87,55,273,34,312,64,-24,0.011581010846804997,55,TAYAK
32,76,51,178,9,276,37,52,12,144,0.011701855298669605,55,TAYAK
149,15,15,126,52,275,33,322,78,-36,0.01180426047522023,55,TAYAK
6,90,52,184,3,276,37,28,8,114,0.011941933863580553,55,TAYAK
88,115,50,12,9,275,38,194,84,100,0.012023575740000212,55,TAYAK
50,67,48,174,14,276,37,62,16,158,0.012085501239691923,55,TAYAK
47,14,13,122,52,275,33,60,56,-164,0.012112622698741542,55,TAYAK
147,111,50,11,7,275,38,322,10,40,0.012195920055849779,55,TAYAK
23,168,18,55,48,272,34,44,80,-140,0.01223861011221534,55,TAYAK
137,116,49,13,10,275,38,314,12,30,0.012628593490876238,55,TAYAK
94,140,41,25,25,272,37,206,88,116,0.012660592619701722,55,TAYAK
108,137,43,23,23,273,37,302,24,8,0.012739610740048616,55,TAYAK
153,18,17,131,50,275,33,324,80,-38,0.012787099570356005,55,TAYAK
115,130,46,19,19,273,37,304,20,14,0.013335484938813565,55,TAYAK
103,147,36,30,31,272,36,300,32,0,0.013395976802602764,55,TAYAK
83,62,47,173,17,277,36,172,84,72,0.013427329681910263,55,TAYAK
44,10,8,111,54,274,34,58,60,-160,0.013526243779715338,55,TAYAK
86,68,49,175,13,276,37,174,84,76,0.013708431856139486,55,TAYAK
52,18,18,132,50,276,33,62,52,-168,0.014045616655379057,55,TAYAK
129,120,49,15,12,275,38,310,14,24,0.014068825976936905,55,TAYAK
102,145,38,27,29,272,36,300,30,2,0.014529790517992764,55,TAYAK
106,130,45,19,19,273,37,302,20,12,0.014543660824692746,55,TAYAK
56,63,47,172,17,276,37,64,18,162,0.014595847791953082,55,TAYAK
26,171,16,60,50,273,34,46,78,-142,0.014676504875174936,55,TAYAK
91,121,49,14,13,273,37,196,84,104,0.014814798505499788,55,TAYAK
8,89,52,184,3,276,37,30,8,116,0.014847486465680529,55,TAYAK
172,101,52,7,2,275,37,346,8,68,0.014912057435932343,55,TAYAK
150,110,51,11,7,275,37,324,10,42,0.014946100813574012,55,TAYAK
59,24,24,142,45,276,34,64,46,-172,0.015062075498808874,55,TAYAK
40,6,2,100,55,274,34,56,64,-156,0.015236721320707233,55,TAYAK
140,115,50,13,10,275,37,316,12,32,0.015248877110063652,55,TAYAK
110,155,31,37,37,272,35,302,38,-4,0.015375046870684205,55,TAYAK
119,122,48,15,15,273,37,306,16,20,0.015441940439338914,55,TAYAK
93,133,44,20,21,272,37,202,86,112,0.015446314130085398,55,TAYAK
90,119,49,14,11,275,37,196,84,102,0.01565716203946287,55,TAYAK
11,87,51,182,3,275,37,32,8,120,0.015692044850928587,55,TAYAK
76,38,35,158,33,277,35,68,34,-180,0.015702312511553792,55,TAYAK
84,64,48,173,15,276,37,172,84,74,0.015761508159965344,55,TAYAK
61,61,46,172,19,278,36,66,20,164,0.015931014520272735,55,TAYAK
130,118,49,13,12,273,37,310,14,26,0.016014815003558055,55,TAYAK
126,174,12,68,52,273,35,308,56,-18,0.01631870021818922,55,TAYAK
55,64,48,174,16,278,36,64,18,160,0.016376265644883214,55,TAYAK
165,103,51,7,4,274,38,336,8,58,0.016468839057611293,55,TAYAK
104,150,34,32,33,272,36,300,34,-2,0.016470555913918463,55,TAYAK
16,157,29,39,39,271,36,36,86,-130,0.01660369323908427,55,TAYAK
80,44,39,163,29,277,35,162,88,60,0.016682383287316225,55,TAYAK
156,21,21,137,47,275,34,326,82,-42,0.016753880680102796,55,TAYAK
139,4,1,96,56,273,33,314,68,-26,0.016859374634480284,55,TAYAK
151,108,51,9,7,273,37,324,10,44,0.016953896819651548,55,TAYAK
125,122,48,15,14,273,37,308,16,22,0.017038791050703495,55,TAYAK
70,53,44,168,23,277,36,68,24,170,0.017094959844675534,55,TAYAK
65,53,44,169,23,277,35,66,24,168,0.017110033876066133,55,TAYAK
162,33,32,152,37,276,35,334,88,-52,0.01736426228895819,55,TAYAK
45,71,49,176,12,276,37,60,14,154,0.01738833429384998,55,TAYAK
34,179,5,82,54,273,35,52,70,-150,0.017432203599813678,55,TAYAK
36,183,1,91,56,274,33,54,68,-154,0.01755633986527224,55,TAYAK
53,18,17,129,49,275,34,62,52,-166,0.017599655806882414,55,TAYAK
146,13,12,120,53,274,33,320,76,-34,0.017812838300315114,55,TAYAK
97,140,41,25,25,273,37,300,26,4,0.017844117703208928,55,TAYAK
46,67,49,174,14,276,36,60,16,156,0.01813888491182362,55,TAYAK
12,86,51,182,4,275,38,34,8,122,0.018202713677315244,55,TAYAK
159,29,28,148,41,277,34,332,86,-48,0.018249103667961702,55,TAYAK
100,142,40,25,27,271,36,300,28,4,0.018252683746168997,55,TAYAK
7,87,52,182,3,274,37,28,8,116,0.018301538480490657,55,TAYAK
99,143,39,27,27,273,37,300,28,2,0.018409596101112164,55,TAYAK
141,113,50,11,9,273,37,316,12,34,0.018483482877046077,55,TAYAK
158,24,24,141,45,275,34,328,84,-44,0.01865279527702381,55,TAYAK
1,91,52,184,2,275,37,20,8,106,0.01885544203082992,55,TAYAK
118,124,47,17,15,274,38,306,16,18,0.01898069933822701,55,TAYAK
48,13,10,118,53,275,34,60,58,-162,0.01900714862643841,55,TAYAK
20,165,22,50,45,273,35,42,82,-136,0.019154648034323592,55,TAYAK
79,41,38,161,31,277,35,160,88,58,0.01916381351582077,55,TAYAK
66,33,32,153,37,276,34,66,38,-178,0.019212028483822852,55,TAYAK
10,89,51,184,3,277,37,32,8,118,0.01922345776156637,55,TAYAK
164,105,51,9,4,276,38,336,8,56,0.01924546194611546,55,TAYAK
157,20,20,136,49,276,33,326,82,-40,0.01932837165474637,55,TAYAK
127,173,13,65,52,272,33,308,56,-16,0.01959665486193284,55,TAYAK
37,76,50,178,10,276,37,56,12,148,0.019649896165350275,55,TAYAK
19,166,21,50,47,272,34,42,82,-138,0.019688689154835636,55,TAYAK
81,50,43,167,25,278,35,166,86,64,0.019914958531768473,55,TAYAK
155,108,51,9,6,274,37,326,10,46,0.02004798636306353,55,TAYAK
49,69,49,176,14,278,36,62,16,156,0.020141379072295646,55,TAYAK
138,113,50,11,10,273,37,314,12,32,0.020288402808844586,55,TAYAK
89,117,49,12,11,273,37,194,84,102,0.020442851189995368,55,TAYAK
68,30,29,150,41,277,33,66,42,-176,0.020639479370228347,55,TAYAK
144,9,6,109,55,275,33,318,72,-30,0.02064240542421412,55,TAYAK
13,154,32,35,37,271,35,34,88,-128,0.02075241260511937,55,TAYAK
64,55,45,168,21,276,36,66,22,168,0.020776054895425965,55,TAYAK
57,60,47,173,18,277,36,64,20,162,0.020816038453367998,55,TAYAK
38,71,50,176,12,276,36,56,14,150,0.021029141753373292,55,TAYAK
62,59,46,170,19,276,37,66,20,166,0.02112169652134706,55,TAYAK
85,66,48,175,15,278,37,174,84,74,0.021137787884755316,55,TAYAK
54,17,16,129,51,276,33,62,54,-166,0.021196118629916504,55,TAYAK
17,162,25,45,43,272,35,40,84,-134,0.021276370110623603,55,TAYAK
152,19,18,132,48,275,34,324,80,-40,0.021330458354702056,55,TAYAK
96,137,42,23,23,273,38,300,24,6,0.021424417376899905,55,TAYAK
101,146,37,30,29,273,37,300,30,0,0.021513851542060574,55,TAYAK
123,120,48,15,12,274,38,308,14,22,0.021752521227547204,55,TAYAK
31,177,7,76,53,272,35,50,72,-148,0.021936986347194792,55,TAYAK
5,88,52,182,3,274,37,26,8,114,0.02208983805652024,55,TAYAK
134,118,50,13,12,273,37,312,14,28,0.02212890982540232,55,TAYAK
41,73,50,178,12,278,36,58,14,150,0.02214529247018916,55,TAYAK
124,124,48,17,15,275,37,308,16,20,0.022196984657844053,55,TAYAK
109,141,41,25,25,273,37,302,26,6,0.022260096865204537,55,TAYAK
21,83,51,182,6,277,37,44,10,132,0.022284143872393768,55,TAYAK
0,91,52,184,1,275,37,18,8,104,0.022306618322777548,55,TAYAK
128,174,10,69,53,272,34,308,58,-18,0.022308759632174078,55,TAYAK
122,171,14,62,51,272,34,306,54,-16,0.022579418743082662,55,TAYAK
113,128,46,19,17,274,38,304,18,14,0.022604313702391698,55,TAYAK
132,116,49,13,10,274,38,312,12,28,0.022619153966531986,55,TAYAK
58,59,46,170,19,276,36,64,20,164,0.022632099712564045,55,TAYAK
95,143,40,26,27,273,36,208,88,118,0.022683731466890986,55,TAYAK
168,104,51,9,3,276,37,340,8,60,0.02275822886551612,55,TAYAK
43,10,9,114,55,274,32,58,60,-162,0.022858671736781497,55,TAYAK
77,40,36,160,33,278,34,68,34,178,0.02294585575137517,55,TAYAK
87,110,50,11,7,274,38,192,84,98,0.023212555762817177,55,TAYAK
51,62,48,172,16,276,36,62,18,160,0.02347771054534405,55,TAYAK
78,36,33,155,35,277,35,68,36,-178,0.023494664669882016,55,TAYAK
133,120,49,15,12,275,37,312,14,26,0.02351666541362315,55,TAYAK
98,139,41,23,25,271,37,300,26,6,0.023686373592285922,55,TAYAK
74,42,38,162,31,278,34,68,32,176,0.02369680625559522,55,TAYAK
29,174,13,66,51,273,35,48,76,-144,0.023758651177048406,55,TAYAK
105,152,32,34,35,271,36,300,36,-4,0.02382251679899258,55,TAYAK
142,8,5,105,54,274,35,316,70,-30,0.023853455852723592,55,TAYAK
28,174,12,67,53,273,33,48,76,-146,0.02391491460230404,55,TAYAK
30,178,6,78,55,272,33,50,72,-150,0.024009388143547642,55,TAYAK
45,51,32,158,24,277,46,88,26,-162,0.0024471447953842793,15,Combined
84,92,41,183,1,275,48,158,4,-116,0.0026995789022922897,15,Combined
183,27,19,132,38,276,45,326,74,-50,0.003571266600473497,15,Combined
193,80,40,177,7,276,48,358,86,-82,0.003995625799026767,15,Combined
31,17,11,118,42,275,45,68,50,-152,0.0040541391047885155,15,Combined
44,48,31,155,26,277,46,86,28,-162,0.004323906174845101,15,Combined
129,104,40,10,4,275,48,238,6,-42,0.004327458935387743,15,Combined
21,171,10,71,41,272,46,50,68,-136,0.004672126294992696,15,Combined
169,173,9,75,43,272,45,302,52,-30,0.005186748997468956,15,Combined
83,92,41,183,1,276,48,156,4,-118,0.005364701637306656,15,Combined
130,104,40,10,4,274,48,240,6,-40,0.005720928148230623,15,Combined
19,159,19,54,36,272,46,42,74,-128,0.005769532515396506,15,Combined
46,54,33,160,22,277,47,90,24,-162,0.005872980475069364,15,Combined
38,33,23,140,34,277,46,78,38,-158,0.006521681413794149,15,Combined
16,144,29,37,27,272,47,32,80,-118,0.007338557586840946,15,Combined
162,158,20,52,35,272,46,292,40,-24,0.007364214167979062,15,Combined
47,57,35,162,20,277,47,92,22,-162,0.007433450220159407,15,Combined
48,60,36,164,18,277,47,94,20,-162,0.007500690446131902,15,Combined
6,103,40,10,3,275,48,10,86,-94,0.007828900021121214,15,Combined
134,108,40,12,6,274,48,250,8,-32,0.007908478011941665,15,Combined
49,63,37,167,17,276,47,96,18,-162,0.008115282909320972,15,Combined
192,76,40,175,9,276,48,356,86,-80,0.008526822563754631,15,Combined
17,150,26,43,31,272,47,36,78,-122,0.00854089866567588,15,Combined
20,168,13,66,40,272,46,48,70,-134,0.00909327091539593,15,Combined
30,14,9,112,43,275,45,66,52,-150,0.009342708949343416,15,Combined
138,111,39,14,8,274,48,258,10,-26,0.010023513818900888,15,Combined
36,30,21,138,36,276,45,76,40,-158,0.010146727234795178,15,Combined
0,84,40,179,5,276,48,0,86,-84,0.010153757607135975,15,Combined
170,176,6,80,43,273,45,304,54,-32,0.010225236047916881,15,Combined
186,42,28,150,29,276,46,336,80,-60,0.010244065411026224,15,Combined
143,119,38,18,12,273,48,266,14,-22,0.010371888422514106,15,Combined
185,36,25,144,33,276,46,332,78,-56,0.010412659105144327,15,Combined
149,126,36,22,16,272,48,272,18,-20,0.010459302570427442,15,Combined
54,70,38,171,13,276,48,102,14,-160,0.01049403342469205,15,Combined
141,115,39,16,10,273,48,262,12,-24,0.010512533466081754,15,Combined
128,103,40,10,4,275,48,236,6,-44,0.010657470753186562,15,Combined
122,99,41,8,1,276,48,214,4,-64,0.011253801195481016,15,Combined
8,107,40,12,5,275,48,12,86,-96,0.011499144527403023,15,Combined
4,99,40,8,1,275,48,8,86,-92,0.011553195134433498,15,Combined
150,129,35,25,18,272,48,274,20,-20,0.011756192265446172,15,Combined
57,74,39,173,11,276,48,106,12,-158,0.012135594655421725,15,Combined
81,92,41,183,2,276,48,152,4,-122,0.012351507613694206,15,Combined
123,99,41,8,1,275,48,216,4,-62,0.01238490455812569,15,Combined
43,45,30,153,28,277,46,84,30,-162,0.012423470190109169,15,Combined
50,66,38,169,15,276,47,98,16,-162,0.012463090284044074,15,Combined
60,77,40,175,9,276,48,110,10,-156,0.012538170306240534,15,Combined
131,104,41,10,4,274,48,242,6,-38,0.012759676057210774,15,Combined
180,15,10,115,43,275,44,318,68,-42,0.012890880081161122,15,Combined
159,148,27,41,29,273,47,286,32,-22,0.013014109752870574,15,Combined
161,155,22,49,34,272,47,290,38,-24,0.01306412106571093,15,Combined
147,122,37,20,15,273,48,270,16,-20,0.013144417508558626,15,Combined
106,96,41,6,0,275,48,194,4,-82,0.013491312867367336,15,Combined
151,132,34,27,20,272,48,276,22,-20,0.013512517256891716,15,Combined
74,87,41,181,4,277,48,130,6,-142,0.01385005250752786,15,Combined
22,174,8,76,42,272,46,52,66,-138,0.013868603532377378,15,Combined
90,93,41,183,1,275,48,168,4,-106,0.01409387822567193,15,Combined
152,135,33,29,22,272,48,278,24,-20,0.014375687127349542,15,Combined
1,88,40,181,3,276,48,2,86,-86,0.014467375140915983,15,Combined
110,96,41,6,0,274,48,200,4,-76,0.014536405437378792,15,Combined
190,62,36,166,17,277,47,348,84,-72,0.014537701112949112,15,Combined
76,87,40,181,4,277,48,132,6,-140,0.014544427645224007,15,Combined
154,138,31,32,24,272,47,280,26,-20,0.01457646398812027,15,Combined
3,95,41,186,0,276,49,6,86,-90,0.014983692080039666,15,Combined
102,95,41,185,0,276,49,186,4,-90,0.014983692080054485,15,Combined
133,107,40,12,6,274,49,248,8,-34,0.01517440183382592,15,Combined
189,58,35,163,19,276,47,346,84,-70,0.015240588834678595,15,Combined
156,141,30,34,26,271,47,282,28,-20,0.015375829571449404,15,Combined
65,81,40,177,7,275,48,116,8,-152,0.015465102083472234,15,Combined
112,96,41,6,1,274,48,202,4,-74,0.015468496001732019,15,Combined
157,145,28,39,27,273,48,284,30,-22,0.015534327649155152,15,Combined
67,81,40,177,6,275,48,118,8,-150,0.015589696181070225,15,Combined
101,95,41,185,0,276,48,184,4,-92,0.015646468795883228,15,Combined
182,18,12,120,42,275,44,320,70,-44,0.015846781200799805,15,Combined
2,92,40,183,1,276,48,4,86,-88,0.01607248755558602,15,Combined
80,91,41,183,2,276,48,150,4,-124,0.01614225554616569,15,Combined
114,97,41,6,1,274,48,204,4,-72,0.016708134401569825,15,Combined
14,134,33,29,21,272,48,26,82,-112,0.01672315699805895,15,Combined
92,93,41,183,0,275,48,170,4,-104,0.016745795406027778,15,Combined
10,124,37,21,15,272,48,20,84,-106,0.016754433949854104,15,Combined
160,151,25,43,31,272,47,288,34,-22,0.017037351650302648,15,Combined
55,74,39,173,11,276,47,104,12,-160,0.0171467718038387,15,Combined
142,115,39,16,11,273,48,264,12,-22,0.01716049146545373,15,Combined
163,161,18,57,36,273,47,294,42,-26,0.017168279755421345,15,Combined
35,27,19,133,37,275,45,74,42,-156,0.017198836027691056,15,Combined
125,99,41,8,2,275,48,220,4,-58,0.01735910540648546,15,Combined
173,182,2,89,44,274,45,308,58,-34,0.017455418052998,15,Combined
127,103,40,10,4,275,49,234,6,-46,0.01760063374079337,15,Combined
62,78,39,175,8,275,48,112,10,-154,0.017779436588897985,15,Combined
52,67,37,169,15,276,48,100,16,-160,0.018027316361768138,15,Combined
12,127,36,23,17,272,47,22,84,-108,0.018084309939456925,15,Combined
166,168,13,66,41,272,46,298,48,-28,0.01816367138825088,15,Combined
77,87,40,181,4,276,48,134,6,-138,0.01834719380974248,15,Combined
165,164,17,60,38,273,46,296,44,-26,0.01840702804450306,15,Combined
178,12,7,110,44,275,44,316,66,-40,0.018459725659934253,15,Combined
15,138,32,31,23,272,47,28,82,-114,0.01847226963605385,15,Combined
145,122,37,20,14,273,48,268,16,-22,0.018489008039906482,15,Combined
158,144,29,36,28,271,47,284,30,-20,0.018575350628730555,15,Combined
187,48,32,156,25,276,46,340,82,-64,0.018595706291893322,15,Combined
66,83,40,179,7,277,48,118,8,-152,0.018692381232054318,15,Combined
73,85,41,179,4,275,48,128,6,-142,0.018696892883292054,15,Combined
113,98,41,8,1,276,48,204,4,-74,0.018825754240777155,15,Combined
172,178,4,84,44,273,44,306,56,-32,0.01899291352364182,15,Combined
188,51,32,158,23,277,47,342,82,-66,0.01901858687486,15,Combined
174,5,0,95,44,274,45,310,60,-36,0.01916340822063614,15,Combined
94,93,41,183,0,274,48,172,4,-102,0.019289129246463928,15,Combined
32,20,14,123,41,276,44,70,48,-154,0.01935750330992188,15,Combined
179,16,10,116,41,275,46,318,68,-44,0.019499260539777595,15,Combined
27,9,4,103,44,274,44,62,56,-148,0.01970322305052076,15,Combined
164,160,19,54,37,272,45,294,42,-24,0.019778219175953085,15,Combined
28,12,7,109,44,274,44,64,54,-150,0.01978419274670992,15,Combined
33,19,13,121,41,275,46,70,48,-152,0.019893614017222058,15,Combined
177,13,8,111,42,275,46,316,66,-42,0.019913506965172332,15,Combined
23,176,5,81,43,272,45,54,64,-140,0.019991532658671502,15,Combined
155,142,29,36,25,273,48,282,28,-22,0.02002610111859961,15,Combined
68,83,40,179,6,277,48,120,8,-150,0.020039149095739492,15,Combined
40,36,24,143,33,277,46,80,36,-158,0.020240528591593344,15,Combined
139,112,40,14,9,273,48,260,10,-24,0.02043813946684948,15,Combined
75,85,40,179,4,275,48,130,6,-140,0.020596187774150402,15,Combined
34,23,15,126,40,276,45,72,46,-154,0.020603465449904195,15,Combined
58,77,40,175,9,276,47,108,10,-158,0.020606365504472212,15,Combined
29,11,6,107,43,274,45,64,54,-148,0.020637862895306232,15,Combined
126,100,41,8,2,275,48,222,4,-56,0.020699399258141446,15,Combined
175,8,3,100,44,274,45,312,62,-38,0.020828519875644397,15,Combined
51,70,39,171,13,276,47,100,14,-162,0.020984625178230028,15,Combined
176,11,5,106,43,275,45,314,64,-40,0.021029664627215998,15,Combined
191,72,39,173,11,276,47,354,86,-78,0.02105353180665511,15,Combined
61,79,40,177,9,278,48,112,10,-156,0.021112699569367652,15,Combined
144,119,38,18,13,273,48,268,14,-20,0.021156313693012654,15,Combined
136,108,40,12,7,274,48,254,8,-28,0.021266633511203982,15,Combined
93,95,41,185,0,277,48,172,4,-104,0.021302206507254118,15,Combined
111,98,41,8,0,276,48,202,4,-76,0.021322980606029,15,Combined
11,122,37,21,13,274,49,20,84,-104,0.02140601186322562,15,Combined
42,40,28,148,29,276,46,82,32,-160,0.02166065363185442,15,Combined
168,170,11,69,42,272,45,300,50,-28,0.02177180525663257,15,Combined
26,5,2,98,44,273,45,60,58,-146,0.021865003723722937,15,Combined
13,126,37,23,15,274,48,22,84,-106,0.02188212589454366,15,Combined
18,156,22,49,34,272,46,40,76,-126,0.02198576230082226,15,Combined
56,76,39,175,11,278,47,106,12,-160,0.022089040225002177,15,Combined
63,81,41,177,7,275,48,114,8,-154,0.022257803844953,15,Combined
91,95,41,185,1,277,48,170,4,-106,0.022589714936229216,15,Combined
171,180,3,86,43,274,46,306,56,-34,0.022668278708340137,15,Combined
9,111,40,14,7,275,48,14,86,-98,0.022695658332665986,15,Combined
59,79,40,177,9,278,47,110,10,-158,0.022852437981808065,15,Combined
41,42,28,151,30,277,45,82,32,-162,0.02286392559702286,15,Combined
184,30,21,137,36,276,45,328,76,-52,0.022880524352692663,15,Combined
7,109,40,12,7,273,48,12,86,-98,0.022912947417866474,15,Combined
140,115,38,16,10,273,49,260,12,-26,0.023039350097861132,15,Combined
24,179,3,87,44,273,45,56,62,-142,0.023062640134532485,15,Combined
5,105,40,10,5,273,48,10,86,-96,0.023175758949749433,15,Combined
64,83,41,179,7,277,48,116,8,-154,0.02328446242638892,15,Combined
53,72,39,173,13,278,47,102,14,-162,0.023383856902269566,15,Combined
25,182,0,92,44,273,45,58,60,-144,0.02345834738809773,15,Combined
146,124,37,22,14,275,48,270,16,-22,0.023531932472817905,15,Combined
78,88,40,181,4,276,48,136,6,-136,0.023652419148206955,15,Combined
153,139,31,34,23,273,48,280,26,-22,0.023762527223357782,15,Combined
37,29,20,135,35,275,46,76,40,-156,0.023802182213960528,15,Combined
181,19,13,121,40,275,46,320,70,-46,0.023821466410768856,15,Combined
109,98,41,8,0,277,48,200,4,-78,0.02383268394766699,15,Combined
39,37,25,145,33,278,45,80,36,-160,0.023877122371286644,15,Combined
89,94,41,185,1,277,48,168,4,-108,0.024007470264929474,15,Combined
148,127,36,25,16,274,48,272,18,-22,0.024011791043182566,15,Combined
61,39,55,176,26,276,20,166,70,62,0.00307987159650478,35,Combined
128,127,64,9,12,274,21,342,26,60,0.0052344712220513115,35,Combined
134,110,67,6,5,274,21,354,24,76,0.00561986022365735,35,Combined
107,160,44,19,38,272,20,318,42,22,0.005735755670326339,35,Combined
59,27,45,171,38,276,19,158,74,50,0.005943288893349127,35,Combined
71,131,63,9,14,273,21,196,68,106,0.006946986354935209,35,Combined
9,79,67,183,5,275,21,16,24,104,0.007777262815668239,35,Combined
60,33,50,173,32,276,19,162,72,56,0.007814555814360122,35,Combined
80,161,44,20,38,272,20,212,76,130,0.008082972162021139,35,Combined
33,28,45,170,37,276,19,50,42,156,0.008531001126965719,35,Combined
119,150,53,14,27,273,21,324,34,34,0.008948796621649407,35,Combined
116,153,51,16,30,273,21,322,36,30,0.009058934077291043,35,Combined
82,163,40,22,42,272,20,214,78,134,0.00925982378483768,35,Combined
100,164,39,23,43,272,20,316,46,16,0.00935146744347583,35,Combined
91,171,27,33,55,272,19,314,56,6,0.009708473509461163,35,Combined
104,181,7,70,70,273,18,316,72,-8,0.00989256192867181,35,Combined
92,173,24,36,57,272,19,314,58,4,0.009920214652001973,35,Combined
86,170,29,31,53,272,19,220,84,144,0.010175003863328843,35,Combined
88,173,25,35,57,272,18,222,86,148,0.01075009188000534,35,Combined
123,141,59,11,21,273,21,330,30,44,0.010793359513642352,35,Combined
135,109,68,6,4,275,21,356,24,78,0.011099767221450126,35,Combined
63,51,61,179,18,276,20,172,68,70,0.011594010094869971,35,Combined
126,135,62,10,16,273,21,336,28,52,0.011624397310464052,35,Combined
117,9,15,137,65,274,18,322,88,-24,0.012027755887421995,35,Combined
73,144,58,13,22,274,21,202,70,114,0.012028187275952841,35,Combined
53,14,23,152,59,275,17,146,86,30,0.01212572663276087,35,Combined
36,183,1,89,71,273,18,50,78,-166,0.012172505717896333,35,Combined
52,12,20,147,61,274,17,144,88,28,0.012329923936760587,35,Combined
30,30,49,172,34,276,19,48,40,152,0.012421157814204054,35,Combined
12,66,66,182,11,276,20,26,26,116,0.012605698909395313,35,Combined
133,112,67,6,6,274,21,352,24,74,0.012613856836515818,35,Combined
94,174,22,40,59,272,19,314,60,2,0.012702719502011465,35,Combined
75,152,53,15,28,273,21,206,72,120,0.012903706494166067,35,Combined
105,181,4,78,71,273,18,316,74,-10,0.012986642817342003,35,Combined
8,80,68,183,4,274,21,14,24,102,0.013068250216854278,35,Combined
45,7,9,124,69,274,18,52,70,-174,0.013195879345428884,35,Combined
40,21,38,165,45,275,19,52,48,164,0.013230441251394193,35,Combined
5,86,68,184,3,275,21,12,24,98,0.013355798233826703,35,Combined
90,170,29,30,53,272,19,314,54,8,0.013716204345048628,35,Combined
22,42,58,176,23,275,20,40,32,138,0.013737296614760986,35,Combined
127,128,63,9,13,273,21,340,26,58,0.013782113491314068,35,Combined
17,54,63,179,16,275,20,32,28,126,0.013826428345026958,35,Combined
121,146,57,13,23,273,21,328,32,40,0.013877127524976357,35,Combined
83,166,36,25,47,271,20,216,80,138,0.013902492313529748,35,Combined
110,4,2,103,72,273,16,318,80,-14,0.014588821536740806,35,Combined
115,7,8,122,71,274,16,320,84,-18,0.014691948602670193,35,Combined
4,88,68,184,2,275,21,10,24,96,0.014814384071538466,35,Combined
20,48,60,178,20,276,20,38,30,134,0.014965869115944894,35,Combined
64,53,62,178,16,275,21,172,68,72,0.015074853921336284,35,Combined
85,169,31,27,51,271,19,218,82,142,0.01511764014193764,35,Combined
10,77,67,183,6,275,21,18,24,106,0.015173139132769829,35,Combined
76,153,52,15,30,272,20,206,72,122,0.015262310526739582,35,Combined
125,136,61,10,17,273,21,334,28,50,0.015295393032690122,35,Combined
35,3,0,94,73,273,16,50,78,-168,0.015428174546443643,35,Combined
114,7,9,123,69,274,18,320,84,-20,0.015567594587009365,35,Combined
39,22,39,167,44,276,18,52,48,162,0.015869652844111605,35,Combined
47,6,7,117,70,274,18,52,72,-172,0.016317590018986715,35,Combined
102,166,36,25,46,272,20,316,48,14,0.016401326250719394,35,Combined
28,178,15,50,65,273,18,46,88,-156,0.016632062991354498,35,Combined
34,25,43,169,40,276,18,50,44,158,0.016721773434268273,35,Combined
31,180,6,71,70,272,18,48,82,-162,0.016845631665693566,35,Combined
130,117,66,8,7,275,22,350,24,70,0.016922385837858937,35,Combined
96,175,19,44,62,272,19,314,62,0,0.017061057686853953,35,Combined
7,84,68,184,4,276,21,14,24,100,0.01722926806155532,35,Combined
87,171,27,31,55,271,18,220,84,146,0.017358538834869743,35,Combined
13,63,65,180,11,275,21,26,26,118,0.01747494687079275,35,Combined
111,156,48,18,33,273,21,320,38,26,0.01759771805557777,35,Combined
46,7,8,123,71,274,16,52,72,-174,0.017626612451811546,35,Combined
109,5,3,106,71,273,18,318,80,-16,0.017630978161212035,35,Combined
68,124,64,9,11,274,22,194,68,102,0.017637711809305723,35,Combined
97,174,20,39,61,272,18,314,62,2,0.017652368208442033,35,Combined
118,9,13,137,67,275,16,322,88,-22,0.017653215945185964,35,Combined
44,7,11,130,69,274,16,52,70,-176,0.017853681010624955,35,Combined
18,54,62,179,16,276,21,34,28,128,0.017869540856010408,35,Combined
32,180,9,64,69,273,18,48,84,-160,0.0180608597122825,35,Combined
25,36,53,175,29,277,19,46,36,146,0.018095352301689353,35,Combined
132,115,66,8,7,275,21,352,24,72,0.01836013318668116,35,Combined
81,162,42,19,40,271,19,212,76,132,0.018461111204202314,35,Combined
99,175,18,44,64,272,18,314,64,0,0.01876501473546881,35,Combined
74,146,57,12,24,272,20,202,70,116,0.018793466303148636,35,Combined
57,24,41,169,42,277,18,156,76,46,0.01898748122910161,35,Combined
19,48,61,178,19,275,20,36,30,132,0.019115514831935212,35,Combined
62,47,60,178,20,276,20,170,68,68,0.01936928480251178,35,Combined
15,62,64,180,12,275,21,28,26,120,0.019413451719201367,35,Combined
95,173,23,36,59,271,18,314,60,4,0.01946591655375096,35,Combined
16,57,64,181,15,277,20,32,28,124,0.01950975758907641,35,Combined
3,90,68,184,1,274,21,8,24,94,0.019634326400708533,35,Combined
69,127,64,8,12,273,21,194,68,104,0.019648743469171972,35,Combined
136,107,68,7,4,275,21,358,24,80,0.019657988715870843,35,Combined
65,58,63,180,14,276,21,174,68,74,0.019747548895093985,35,Combined
11,67,66,182,10,276,20,24,26,114,0.01979058031833763,35,Combined
120,146,56,13,24,272,21,326,32,38,0.01991180978702434,35,Combined
58,25,42,168,40,276,19,156,76,48,0.02025588270692247,35,Combined
21,44,59,178,22,277,19,40,32,136,0.02035466272376955,35,Combined
24,38,54,175,26,276,20,44,34,144,0.020378684969158144,35,Combined
38,24,40,167,43,276,19,52,46,162,0.020445374796135056,35,Combined
124,141,60,11,20,273,20,332,30,46,0.020454164332176582,35,Combined
67,90,68,184,1,275,20,184,66,88,0.0204580019727993,35,Combined
84,168,33,28,49,272,20,218,82,140,0.02051474848447386,35,Combined
42,19,35,163,48,275,18,52,50,166,0.020590434399366697,35,Combined
27,178,12,55,67,272,18,46,86,-158,0.020807902965582575,35,Combined
49,15,25,155,57,276,18,54,58,174,0.020865049137342863,35,Combined
72,141,59,12,20,273,21,200,70,112,0.021024270849251604,35,Combined
1,99,68,5,1,275,21,2,24,86,0.021189251334224522,35,Combined
0,101,68,5,2,274,21,0,24,84,0.021308924447908596,35,Combined
29,33,50,174,32,277,19,48,38,150,0.0215544055194707,35,Combined
89,168,32,28,50,271,19,314,52,10,0.02158023277195244,35,Combined
112,155,49,15,32,271,20,320,38,28,0.021698904586741632,35,Combined
108,4,1,98,71,274,18,318,78,-14,0.021844835648173324,35,Combined
50,14,23,151,59,276,18,54,60,176,0.021942999051367623,35,Combined
41,20,37,166,47,276,17,52,50,164,0.022041460358673645,35,Combined
23,40,56,177,26,277,20,44,34,142,0.022090047803149937,35,Combined
26,35,52,173,29,276,20,46,36,148,0.022431930972256892,35,Combined
106,181,5,73,72,273,16,316,74,-8,0.022432467089841087,35,Combined
93,172,25,32,57,271,18,314,58,6,0.022457518287523993,35,Combined
54,14,25,152,57,275,18,146,86,32,0.022471892910458785,35,Combined
6,82,68,182,4,274,21,12,24,100,0.022487523478028505,35,Combined
48,16,28,158,55,276,18,54,56,172,0.02254610159286182,35,Combined
70,129,64,10,12,275,21,196,68,104,0.022598388460300035,35,Combined
43,8,12,131,67,274,18,52,68,-176,0.022670927975969198,35,Combined
103,166,38,22,45,272,19,316,48,16,0.022833117607302094,35,Combined
2,97,68,5,0,275,21,4,24,88,0.022917355119474757,35,Combined
101,163,40,20,43,271,19,316,46,18,0.022953782183113447,35,Combined
129,126,65,9,11,274,21,344,26,62,0.023110913902535113,35,Combined
98,176,16,48,63,272,19,314,64,-2,0.023295585647652602,35,Combined
55,16,27,156,55,276,18,148,84,34,0.023400844625015103,35,Combined
56,18,33,162,50,275,17,150,80,38,0.023462966251313836,35,Combined
66,84,68,183,3,275,20,182,66,86,0.023491121080379995,35,Combined
51,11,19,148,63,275,16,144,88,26,0.023557783751772837,35,Combined
137,103,68,5,3,274,21,358,24,82,0.02360316138451033,35,Combined
131,113,66,6,7,273,21,350,24,72,0.023694364239425864,35,Combined
79,159,46,17,36,272,19,210,74,128,0.023759857923315683,35,Combined
78,158,48,18,34,273,20,210,74,126,0.02376646808133586,35,Combined
77,155,49,17,32,272,21,208,74,124,0.023769974279387422,35,Combined
14,65,65,182,11,277,21,28,26,118,0.023785289397699468,35,Combined
113,158,47,17,35,272,20,320,40,26,0.023832121318854954,35,Combined
122,143,58,13,21,274,22,330,30,42,0.023887462821005942,35,Combined
135,120,75,6,6,274,13,356,32,78,0.0020707190379517094,55,Combined
85,155,63,9,22,273,13,202,62,116,0.0030562649590143947,55,Combined
28,19,48,177,39,276,11,44,48,148,0.004712529821938214,55,Combined
86,161,58,10,28,273,13,206,64,122,0.004848941110587572,55,Combined
95,173,36,17,51,272,11,218,74,144,0.005368071225725071,55,Combined
81,141,70,7,13,274,13,196,60,106,0.005686052088015066,55,Combined
34,14,37,173,50,276,10,48,56,158,0.006181405587230699,55,Combined
112,183,1,85,80,273,9,318,82,-6,0.0062881123355593635,55,Combined
62,20,50,178,37,276,11,158,66,48,0.0067078152168878104,55,Combined
36,182,7,57,77,273,9,48,88,-168,0.0074507922616873865,55,Combined
119,170,43,14,43,272,12,322,50,26,0.0075639414284691345,55,Combined
97,175,32,18,55,272,11,220,76,148,0.007939163810899728,55,Combined
130,143,69,7,15,273,13,344,34,62,0.00822526420420147,55,Combined
90,167,48,13,38,272,12,212,68,132,0.008281835923673592,55,Combined
72,41,68,182,17,276,12,172,60,70,0.008432165128137888,55,Combined
116,172,39,15,48,272,11,320,54,22,0.008841837808338745,55,Combined
52,5,7,130,77,274,9,50,78,-178,0.008958158969001788,55,Combined
7,81,76,184,3,275,13,10,32,96,0.009520966089047511,55,Combined
125,160,59,10,27,273,13,332,40,44,0.009536709084205394,55,Combined
12,51,72,183,12,276,12,22,34,112,0.01064450347823351,55,Combined
59,10,28,167,59,275,10,146,78,28,0.010731553405000345,55,Combined
56,7,15,154,71,275,9,142,86,18,0.010788025566894436,55,Combined
92,169,44,14,42,272,12,214,70,136,0.010993616321727783,55,Combined
40,10,26,165,61,275,10,50,64,168,0.011150280637330633,55,Combined
10,69,75,183,6,275,13,14,32,102,0.011172380711268875,55,Combined
94,171,40,15,46,272,12,216,72,140,0.011349386815811697,55,Combined
134,123,74,5,7,274,13,354,32,76,0.011479921047980035,55,Combined
49,5,9,139,76,274,9,50,76,-180,0.01204175933740344,55,Combined
136,117,75,6,5,275,13,358,32,80,0.012652140823996615,55,Combined
126,156,61,9,24,273,13,334,38,48,0.013005768582775967,55,Combined
111,182,4,69,79,273,9,318,80,-4,0.013048013447968545,55,Combined
6,85,76,184,2,275,13,8,32,94,0.01323337260178226,55,Combined
129,151,66,8,19,273,13,340,36,56,0.013726406595196573,55,Combined
131,143,70,8,14,274,13,346,34,64,0.013864161265237474,55,Combined
57,9,21,163,66,275,9,144,82,22,0.01386751090587033,55,Combined
42,9,23,163,64,274,10,50,66,170,0.013973233565597184,55,Combined
100,178,22,26,64,272,10,224,82,156,0.014007399980521525,55,Combined
128,151,65,8,20,273,13,338,36,54,0.01404476380167947,55,Combined
27,20,52,178,35,276,11,42,46,144,0.01421415630994656,55,Combined
105,175,30,21,57,272,11,318,60,14,0.014342879090506033,55,Combined
8,77,76,185,4,276,13,12,32,98,0.014498525861200656,55,Combined
22,29,61,181,25,277,11,36,40,132,0.01464892236423417,55,Combined
54,5,4,118,79,274,9,50,80,-176,0.014699592708748207,55,Combined
23,28,60,179,26,275,12,36,40,134,0.014747088898846824,55,Combined
38,11,28,167,58,275,10,50,62,166,0.015082365993014657,55,Combined
9,72,75,183,5,274,13,12,32,100,0.015084644167260273,55,Combined
121,169,47,13,40,272,12,324,48,30,0.015245612540274312,55,Combined
71,37,67,181,18,275,12,170,60,68,0.015523565988349764,55,Combined
69,30,62,180,24,275,12,166,62,62,0.016107845245809126,55,Combined
76,87,76,185,1,275,12,184,58,88,0.016126128961037118,55,Combined
102,180,15,33,71,272,9,226,86,162,0.016235709354201135,55,Combined
108,176,28,20,58,272,10,318,62,14,0.016419279744265974,55,Combined
17,38,67,181,18,275,12,28,36,122,0.01649708188610238,55,Combined
48,6,12,147,73,274,9,50,74,178,0.01650573938558447,55,Combined
2,104,76,5,2,274,13,2,32,86,0.01664127134796906,55,Combined
16,40,68,182,17,276,12,28,36,120,0.016859439050407408,55,Combined
24,26,58,180,28,276,11,38,42,136,0.017016895252415457,55,Combined
68,29,60,181,26,277,12,166,62,60,0.017201902315146452,55,Combined
106,175,31,18,56,271,10,318,60,16,0.01743653386642299,55,Combined
58,10,26,169,61,276,8,146,78,26,0.017448478039819013,55,Combined
39,10,27,169,60,276,8,50,64,166,0.017496899082185942,55,Combined
44,8,20,160,66,274,9,50,68,172,0.01760910803136794,55,Combined
91,168,47,12,40,271,11,212,68,134,0.01760930314149199,55,Combined
104,180,12,39,73,272,9,226,88,164,0.01770043769802282,55,Combined
107,176,27,23,59,272,11,318,62,12,0.017768560212969665,55,Combined
1,108,76,5,3,274,13,0,32,84,0.01778462261972633,55,Combined
65,24,55,179,31,277,11,162,64,54,0.01792280884844001,55,Combined
32,16,42,174,45,275,11,46,52,154,0.01841677822231814,55,Combined
20,32,64,180,22,275,12,32,38,128,0.018562570321586206,55,Combined
60,12,30,170,57,276,9,148,76,30,0.01866037440877305,55,Combined
88,166,52,12,34,273,12,210,66,128,0.018671693751839715,55,Combined
51,5,8,139,78,274,8,50,78,-180,0.018918208875855883,55,Combined
26,23,55,179,32,276,11,40,44,140,0.018943399584943628,55,Combined
3,100,76,5,1,275,13,4,32,88,0.019000331733711587,55,Combined
14,49,71,183,13,276,13,24,34,114,0.019147413576296082,55,Combined
46,7,15,152,71,274,9,50,72,176,0.01918036694826326,55,Combined
80,136,71,6,12,273,13,194,60,104,0.019283091217054512,55,Combined
114,3,1,101,80,273,9,318,84,-8,0.019480556207894302,55,Combined
45,7,18,157,69,274,9,50,70,174,0.01953669408718616,55,Combined
75,79,76,184,3,274,12,182,58,86,0.0195710415462798,55,Combined
33,16,40,175,47,276,10,48,54,156,0.01957635538328796,55,Combined
127,157,62,9,23,273,12,336,38,50,0.019729158551513745,55,Combined
15,46,70,181,14,275,13,24,34,116,0.019758250359361067,55,Combined
41,9,24,167,63,275,8,50,66,168,0.01993452029412079,55,Combined
19,34,65,182,21,276,11,32,38,126,0.019961868543702507,55,Combined
82,144,69,6,15,273,13,196,60,108,0.020012663185117414,55,Combined
37,11,30,171,58,276,9,50,62,164,0.0200368024565903,55,Combined
11,66,74,184,7,275,13,16,32,104,0.020062143376766813,55,Combined
124,163,54,11,31,272,13,328,42,38,0.020248916675276958,55,Combined
5,89,76,184,1,274,13,6,32,92,0.020419560912931897,55,Combined
98,176,26,23,60,272,11,222,80,152,0.020496193301478272,55,Combined
67,26,59,180,27,276,11,164,62,58,0.02058401355197254,55,Combined
63,21,51,176,35,275,11,158,66,50,0.02062844951485416,55,Combined
31,16,44,176,44,276,10,46,52,152,0.0207654461101084,55,Combined
87,162,56,9,30,272,12,206,64,124,0.020891500644279287,55,Combined
132,130,72,7,9,275,14,352,32,72,0.020906230971830142,55,Combined
99,176,25,22,62,271,10,222,80,154,0.02092148777514941,55,Combined
50,6,11,148,75,274,8,50,76,178,0.021017847635811767,55,Combined
117,174,36,16,51,272,11,320,56,20,0.021036832177486253,55,Combined
78,102,76,4,1,274,12,186,58,92,0.021065771819597276,55,Combined
30,18,45,175,42,276,11,46,50,152,0.02112662241926018,55,Combined
73,66,75,184,6,275,12,180,58,82,0.0211849701828247,55,Combined
70,35,65,182,20,277,11,170,60,66,0.02125730963692226,55,Combined
53,5,5,128,79,274,8,50,80,-178,0.021271411672681897,55,Combined
133,128,73,7,8,275,13,354,32,74,0.02135311480377327,55,Combined
18,38,66,181,19,276,13,30,36,124,0.021708902416450262,55,Combined
89,166,51,11,35,272,11,210,66,130,0.021770775303808023,55,Combined
115,172,37,18,49,272,12,320,54,20,0.02184434274260776,55,Combined
93,170,43,13,44,271,11,214,70,138,0.021937301501812115,55,Combined
122,165,51,12,35,273,13,326,44,34,0.022180239529940728,55,Combined
64,21,54,178,33,276,11,160,64,52,0.02230792041121967,55,Combined
25,24,57,178,29,275,12,38,42,138,0.022501012460365635,55,Combined
137,112,76,4,4,273,13,358,32,82,0.022551013674924392,55,Combined
66,25,56,178,30,275,12,162,64,56,0.022603832811910664,55,Combined
123,164,52,10,34,271,12,326,44,36,0.022751580529465073,55,Combined
61,18,46,177,41,277,10,156,68,44,0.022775820491455455,55,Combined
21,32,62,180,23,276,12,34,38,130,0.022864907060652518,55,Combined
113,183,2,74,81,273,8,318,82,-4,0.022872588276615386,55,Combined
13,47,71,181,13,274,13,22,34,114,0.022886480281430508,55,Combined
0,114,76,6,4,275,13,0,32,82,0.023024740658810213,55,Combined
74,73,76,185,5,276,12,182,58,84,0.023051214784021973,55,Combined
101,178,19,29,67,272,10,224,84,158,0.02322111316620027,55,Combined
43,8,22,165,65,275,8,50,68,170,0.023228598375918036,55,Combined
96,174,33,20,53,273,12,220,76,146,0.02324425920403854,55,Combined
120,169,45,12,42,271,11,322,50,28,0.023357939720465876,55,Combined
109,177,26,22,61,272,10,318,64,12,0.023450375335698576,55,Combined
77,95,77,185,0,276,12,186,58,90,0.023587646865495082,55,Combined
103,179,14,39,71,272,11,226,88,162,0.0236202073028924,55,Combined
84,153,64,10,21,274,13,202,62,114,0.023713842003969567,55,Combined
79,110,76,5,3,275,12,188,58,94,0.023725646343110817,55,Combined
55,7,18,158,69,274,9,142,84,20,0.023725908240417686,55,Combined
83,148,68,7,17,273,12,198,60,110,0.023832387110119476,55,Combined
47,6,14,154,73,274,8,50,74,176,0.02386195999023687,55,Combined
